scenario,queue_policy,placement_policy,dispatch,job_id,user,class,priority,gpus,arrival_s,start_s,end_s,duration_s,nominal_duration_s,wait_s,turnaround_s,overtaken_by,failed,nodes
A-uniform,fifo,performance,opportunistic,j0000,bob,small,50,1,30,30,173,143,143,0,143,0,false,gpu-a
A-uniform,fifo,performance,opportunistic,j0001,alice,small,50,1,31,31,174,143,143,0,143,0,false,gpu-a
A-uniform,fifo,performance,opportunistic,j0002,bob,small,50,1,100,100,340,240,240,0,240,0,false,gpu-a
A-uniform,fifo,performance,opportunistic,j0003,bob,small,50,1,118,118,360,242,242,0,242,0,false,gpu-a
A-uniform,fifo,performance,opportunistic,j0004,alice,small,50,1,176,176,280,104,104,0,104,0,false,gpu-a
A-uniform,fifo,performance,opportunistic,j0005,alice,small,50,1,198,198,442,244,244,0,244,0,false,gpu-a
A-uniform,fifo,performance,opportunistic,j0006,alice,small,50,1,200,200,475,275,275,0,275,0,false,gpu-b
A-uniform,fifo,performance,opportunistic,j0007,bob,small,50,1,206,206,421,215,215,0,215,0,false,gpu-b
A-uniform,fifo,performance,opportunistic,j0008,bob,small,50,1,224,224,310,86,86,0,86,0,false,gpu-b
A-uniform,fifo,performance,opportunistic,j0009,alice,small,50,1,240,240,444,204,204,0,204,0,false,gpu-b
A-uniform,fifo,performance,opportunistic,j0010,alice,small,50,1,307,307,588,281,281,0,281,0,false,gpu-a
A-uniform,fifo,performance,opportunistic,j0011,alice,small,50,1,320,320,584,264,264,0,264,0,false,gpu-b
A-uniform,fifo,performance,opportunistic,j0012,bob,small,50,1,330,340,583,243,243,10,253,0,false,gpu-a
A-uniform,fifo,performance,opportunistic,j0013,alice,small,50,1,335,360,570,210,210,25,235,0,false,gpu-a
A-uniform,fifo,performance,opportunistic,j0014,alice,small,50,1,361,421,614,193,193,60,253,0,false,gpu-b
A-uniform,fifo,performance,opportunistic,j0015,alice,small,50,1,383,442,573,131,131,59,190,0,false,gpu-a
A-uniform,fifo,performance,opportunistic,j0016,alice,small,50,1,397,444,666,222,222,47,269,0,false,gpu-b
A-uniform,fifo,performance,opportunistic,j0017,bob,small,50,1,416,475,658,183,183,59,242,0,false,gpu-b
A-uniform,fifo,performance,opportunistic,j0018,alice,small,50,1,450,570,781,211,211,120,331,0,false,gpu-a
A-uniform,fifo,performance,opportunistic,j0019,bob,small,50,1,480,573,794,221,221,93,314,0,false,gpu-a
A-uniform,fifo,performance,opportunistic,j0020,alice,small,50,1,564,583,682,99,99,19,118,0,false,gpu-a
A-uniform,fifo,performance,opportunistic,j0021,bob,small,50,1,567,584,815,231,231,17,248,0,false,gpu-b
A-uniform,fifo,performance,opportunistic,j0022,alice,small,50,1,595,595,765,170,170,0,170,0,false,gpu-a
A-uniform,fifo,performance,opportunistic,j0023,bob,small,50,1,634,634,702,68,68,0,68,0,false,gpu-b
A-uniform,fifo,performance,opportunistic,j0024,bob,small,50,1,682,682,814,132,132,0,132,0,false,gpu-a
A-uniform,fifo,performance,opportunistic,j0025,alice,small,50,1,697,697,988,291,291,0,291,0,false,gpu-b
A-uniform,fifo,performance,opportunistic,j0026,bob,small,50,1,735,735,1021,286,286,0,286,0,false,gpu-b
A-uniform,fifo,performance,opportunistic,j0027,alice,small,50,1,800,800,913,113,113,0,113,0,false,gpu-a
A-uniform,fifo,performance,opportunistic,j0028,alice,small,50,1,830,830,1012,182,182,0,182,0,false,gpu-a
A-uniform,fifo,performance,opportunistic,j0029,alice,small,50,1,849,849,1056,207,207,0,207,0,false,gpu-a
A-uniform,fifo,performance,opportunistic,j0030,alice,small,50,1,877,877,1146,269,269,0,269,0,false,gpu-a
A-uniform,fifo,performance,opportunistic,j0031,alice,small,50,1,884,884,1047,163,163,0,163,0,false,gpu-b
A-uniform,fifo,performance,opportunistic,j0032,alice,small,50,1,890,890,1030,140,140,0,140,0,false,gpu-b
A-uniform,fifo,performance,opportunistic,j0033,bob,small,50,1,908,913,1156,243,243,5,248,0,false,gpu-a
A-uniform,fifo,performance,opportunistic,j0034,bob,small,50,1,917,988,1051,63,63,71,134,0,false,gpu-b
A-uniform,fifo,performance,opportunistic,j0035,bob,small,50,1,936,1012,1083,71,71,76,147,0,false,gpu-a
A-uniform,fifo,performance,opportunistic,j0036,alice,small,50,1,942,1021,1164,143,143,79,222,0,false,gpu-b
A-uniform,fifo,performance,opportunistic,j0037,bob,small,50,1,948,1030,1203,173,173,82,255,0,false,gpu-b
A-uniform,fifo,performance,opportunistic,j0038,alice,small,50,1,1000,1047,1218,171,171,47,218,0,false,gpu-b
A-uniform,fifo,performance,opportunistic,j0039,bob,small,50,1,1012,1051,1233,182,182,39,221,0,false,gpu-b
A-uniform,fifo,performance,opportunistic,j0040,alice,small,50,1,1042,1056,1265,209,209,14,223,0,false,gpu-a
A-uniform,fifo,performance,opportunistic,j0041,alice,small,50,1,1064,1083,1143,60,60,19,79,0,false,gpu-a
A-uniform,fifo,performance,opportunistic,j0042,alice,small,50,1,1098,1143,1421,278,278,45,323,0,false,gpu-a
A-uniform,fifo,performance,opportunistic,j0043,alice,small,50,1,1099,1146,1432,286,286,47,333,0,false,gpu-a
A-uniform,fifo,performance,opportunistic,j0044,bob,small,50,1,1107,1156,1360,204,204,49,253,0,false,gpu-a
A-uniform,fifo,performance,opportunistic,j0045,bob,small,50,1,1118,1164,1376,212,212,46,258,0,false,gpu-b
A-uniform,fifo,performance,opportunistic,j0046,alice,small,50,1,1122,1203,1332,129,129,81,210,0,false,gpu-b
A-uniform,fifo,performance,opportunistic,j0047,alice,small,50,1,1124,1218,1288,70,70,94,164,0,false,gpu-b
A-uniform,fifo,performance,opportunistic,j0048,alice,small,50,1,1147,1233,1458,225,225,86,311,0,false,gpu-b
A-uniform,fifo,performance,opportunistic,j0049,alice,small,50,1,1190,1265,1344,79,79,75,154,0,false,gpu-a
A-uniform,fifo,performance,opportunistic,j0050,alice,small,50,1,1226,1288,1574,286,286,62,348,0,false,gpu-b
A-uniform,fifo,performance,opportunistic,j0051,alice,small,50,1,1245,1332,1409,77,77,87,164,0,false,gpu-b
A-uniform,fifo,performance,opportunistic,j0052,bob,small,50,1,1278,1344,1504,160,160,66,226,0,false,gpu-a
A-uniform,fifo,performance,opportunistic,j0053,alice,small,50,1,1292,1360,1589,229,229,68,297,0,false,gpu-a
A-uniform,fifo,performance,opportunistic,j0054,bob,small,50,1,1332,1376,1570,194,194,44,238,0,false,gpu-b
A-uniform,fifo,performance,opportunistic,j0055,alice,small,50,1,1373,1409,1553,144,144,36,180,0,false,gpu-b
A-uniform,fifo,performance,opportunistic,j0056,alice,small,50,1,1382,1421,1535,114,114,39,153,0,false,gpu-a
A-uniform,fifo,performance,opportunistic,j0057,alice,small,50,1,1418,1432,1655,223,223,14,237,0,false,gpu-a
A-uniform,fifo,performance,opportunistic,j0058,alice,small,50,1,1422,1458,1637,179,179,36,215,0,false,gpu-b
A-uniform,fifo,performance,opportunistic,j0059,alice,small,50,1,1463,1504,1645,141,141,41,182,0,false,gpu-a
A-uniform,fifo,performance,opportunistic,j0060,bob,small,50,1,1486,1535,1804,269,269,49,318,0,false,gpu-a
A-uniform,fifo,performance,opportunistic,j0061,bob,small,50,1,1563,1563,1831,268,268,0,268,0,false,gpu-b
A-uniform,fifo,performance,opportunistic,j0062,bob,small,50,1,1570,1570,1668,98,98,0,98,0,false,gpu-b
A-uniform,fifo,performance,opportunistic,j0063,alice,small,50,1,1573,1574,1637,63,63,1,64,0,false,gpu-b
A-uniform,fifo,performance,opportunistic,j0064,bob,small,50,1,1583,1589,1730,141,141,6,147,0,false,gpu-a
A-uniform,fifo,performance,opportunistic,j0065,bob,small,50,1,1595,1637,1777,140,140,42,182,0,false,gpu-b
A-uniform,fifo,performance,opportunistic,j0066,alice,small,50,1,1631,1637,1847,210,210,6,216,0,false,gpu-b
A-uniform,fifo,performance,opportunistic,j0067,bob,small,50,1,1668,1668,1938,270,270,0,270,0,false,gpu-a
A-uniform,fifo,performance,opportunistic,j0068,bob,small,50,1,1684,1684,1762,78,78,0,78,0,false,gpu-a
A-uniform,fifo,performance,opportunistic,j0069,alice,small,50,1,1703,1703,1963,260,260,0,260,0,false,gpu-b
A-uniform,fifo,performance,opportunistic,j0070,bob,small,50,1,1708,1730,1899,169,169,22,191,0,false,gpu-a
A-uniform,fifo,performance,opportunistic,j0071,bob,small,50,1,1736,1762,2061,299,299,26,325,0,false,gpu-a
A-uniform,fifo,performance,opportunistic,j0072,alice,small,50,1,1769,1777,2049,272,272,8,280,0,false,gpu-b
A-uniform,fifo,performance,opportunistic,j0073,alice,small,50,1,1787,1804,2031,227,227,17,244,0,false,gpu-a
A-uniform,fifo,performance,opportunistic,j0074,bob,small,50,1,1819,1831,2018,187,187,12,199,0,false,gpu-b
A-uniform,fifo,performance,opportunistic,j0075,bob,small,50,1,1831,1847,2069,222,222,16,238,0,false,gpu-b
A-uniform,fifo,performance,opportunistic,j0076,alice,small,50,1,1864,1899,1968,69,69,35,104,0,false,gpu-a
A-uniform,fifo,performance,opportunistic,j0077,bob,small,50,1,1931,1938,2074,136,136,7,143,0,false,gpu-a
A-uniform,fifo,performance,opportunistic,j0078,alice,small,50,1,1956,1963,2093,130,130,7,137,0,false,gpu-b
A-uniform,fifo,performance,opportunistic,j0079,bob,small,50,1,1959,1968,2078,110,110,9,119,0,false,gpu-a
A-uniform,fifo,performance,opportunistic,j0080,alice,small,50,1,1967,2018,2160,142,142,51,193,0,false,gpu-b
A-uniform,fifo,performance,opportunistic,j0081,bob,small,50,1,2014,2031,2159,128,128,17,145,0,false,gpu-a
A-uniform,fifo,performance,opportunistic,j0082,bob,small,50,1,2051,2051,2350,299,299,0,299,0,false,gpu-b
A-uniform,fifo,performance,opportunistic,j0083,bob,small,50,1,2087,2087,2275,188,188,0,188,0,false,gpu-a
A-uniform,fifo,performance,opportunistic,j0084,alice,small,50,1,2115,2115,2365,250,250,0,250,0,false,gpu-a
A-uniform,fifo,performance,opportunistic,j0085,bob,small,50,1,2131,2131,2262,131,131,0,131,0,false,gpu-a
A-uniform,fifo,performance,opportunistic,j0086,bob,small,50,1,2155,2155,2310,155,155,0,155,0,false,gpu-b
A-uniform,fifo,performance,opportunistic,j0087,bob,small,50,1,2174,2174,2452,278,278,0,278,0,false,gpu-a
A-uniform,fifo,performance,opportunistic,j0088,alice,small,50,1,2195,2195,2383,188,188,0,188,0,false,gpu-b
A-uniform,fifo,performance,opportunistic,j0089,bob,small,50,1,2243,2243,2366,123,123,0,123,0,false,gpu-b
A-uniform,fifo,performance,opportunistic,j0090,alice,small,50,1,2353,2353,2580,227,227,0,227,0,false,gpu-a
A-uniform,fifo,performance,opportunistic,j0091,alice,small,50,1,2378,2378,2619,241,241,0,241,0,false,gpu-a
A-uniform,fifo,performance,opportunistic,j0092,bob,small,50,1,2413,2413,2492,79,79,0,79,0,false,gpu-a
A-uniform,fifo,performance,opportunistic,j0093,alice,small,50,1,2429,2429,2589,160,160,0,160,0,false,gpu-b
A-uniform,fifo,performance,opportunistic,j0094,alice,small,50,1,2449,2449,2714,265,265,0,265,0,false,gpu-b
A-uniform,fifo,performance,opportunistic,j0095,alice,small,50,1,2480,2480,2736,256,256,0,256,0,false,gpu-a
A-uniform,fifo,performance,opportunistic,j0096,bob,small,50,1,2540,2540,2748,208,208,0,208,0,false,gpu-a
A-uniform,fifo,performance,opportunistic,j0097,alice,small,50,1,2553,2553,2680,127,127,0,127,0,false,gpu-b
A-uniform,fifo,performance,opportunistic,j0098,alice,small,50,1,2561,2561,2840,279,279,0,279,0,false,gpu-b
A-uniform,fifo,performance,opportunistic,j0099,bob,small,50,1,2593,2593,2788,195,195,0,195,0,false,gpu-a
A-uniform,fifo,performance,opportunistic,j0100,bob,small,50,1,2631,2631,2871,240,240,0,240,0,false,gpu-a
A-uniform,fifo,performance,opportunistic,j0101,alice,small,50,1,2644,2644,2729,85,85,0,85,0,false,gpu-b
A-uniform,fifo,performance,opportunistic,j0102,bob,small,50,1,2690,2690,2868,178,178,0,178,0,false,gpu-b
A-uniform,fifo,performance,opportunistic,j0103,bob,small,50,1,2703,2714,2869,155,155,11,166,0,false,gpu-b
A-uniform,fifo,performance,opportunistic,j0104,bob,small,50,1,2738,2738,2986,248,248,0,248,0,false,gpu-a
A-uniform,fifo,performance,opportunistic,j0105,alice,small,50,1,2740,2740,3011,271,271,0,271,0,false,gpu-b
A-uniform,fifo,performance,opportunistic,j0106,alice,small,50,1,2753,2753,2819,66,66,0,66,0,false,gpu-a
A-uniform,fifo,performance,opportunistic,j0107,alice,small,50,1,2756,2788,2891,103,103,32,135,0,false,gpu-a
A-uniform,fifo,performance,opportunistic,j0108,bob,small,50,1,2759,2819,2993,174,174,60,234,0,false,gpu-a
A-uniform,fifo,performance,opportunistic,j0109,alice,small,50,1,2784,2840,2931,91,91,56,147,0,false,gpu-b
A-uniform,fifo,performance,opportunistic,j0110,alice,small,50,1,2798,2868,2981,113,113,70,183,0,false,gpu-b
A-uniform,fifo,performance,opportunistic,j0111,alice,small,50,1,2809,2869,2973,104,104,60,164,0,false,gpu-b
A-uniform,fifo,performance,opportunistic,j0112,bob,small,50,1,2820,2871,3028,157,157,51,208,0,false,gpu-a
A-uniform,fifo,performance,opportunistic,j0113,bob,small,50,1,2854,2891,3117,226,226,37,263,0,false,gpu-a
A-uniform,fifo,performance,opportunistic,j0114,bob,small,50,1,2888,2931,3142,211,211,43,254,0,false,gpu-b
A-uniform,fifo,performance,opportunistic,j0115,alice,small,50,1,2893,2973,3259,286,286,80,366,0,false,gpu-b
A-uniform,fifo,performance,opportunistic,j0116,bob,small,50,1,2938,2981,3171,190,190,43,233,0,false,gpu-b
A-uniform,fifo,performance,opportunistic,j0117,bob,small,50,1,2942,2986,3095,109,109,44,153,0,false,gpu-a
A-uniform,fifo,performance,opportunistic,j0118,bob,small,50,1,2944,2993,3188,195,195,49,244,0,false,gpu-a
A-uniform,fifo,performance,opportunistic,j0119,bob,small,50,1,2956,3011,3256,245,245,55,300,0,false,gpu-b
A-uniform,fifo,performance,opportunistic,j0120,bob,small,50,1,3073,3073,3355,282,282,0,282,0,false,gpu-a
A-uniform,fifo,performance,opportunistic,j0121,alice,small,50,1,3081,3095,3288,193,193,14,207,0,false,gpu-a
A-uniform,fifo,performance,opportunistic,j0122,bob,small,50,1,3092,3117,3275,158,158,25,183,0,false,gpu-a
A-uniform,fifo,performance,opportunistic,j0123,alice,small,50,1,3126,3142,3255,113,113,16,129,0,false,gpu-b
A-uniform,fifo,performance,opportunistic,j0124,bob,small,50,1,3153,3171,3412,241,241,18,259,0,false,gpu-b
A-uniform,fifo,performance,opportunistic,j0125,alice,small,50,1,3161,3188,3347,159,159,27,186,0,false,gpu-a
A-uniform,fifo,performance,opportunistic,j0126,alice,small,50,1,3195,3255,3349,94,94,60,154,0,false,gpu-b
A-uniform,fifo,performance,opportunistic,j0127,alice,small,50,1,3209,3256,3340,84,84,47,131,0,false,gpu-b
A-uniform,fifo,performance,opportunistic,j0128,bob,small,50,1,3215,3259,3431,172,172,44,216,0,false,gpu-b
A-uniform,fifo,performance,opportunistic,j0129,bob,small,50,1,3225,3275,3537,262,262,50,312,0,false,gpu-a
A-uniform,fifo,performance,opportunistic,j0130,alice,small,50,1,3228,3288,3483,195,195,60,255,0,false,gpu-a
A-uniform,fifo,performance,opportunistic,j0131,bob,small,50,1,3235,3340,3564,224,224,105,329,0,false,gpu-b
A-uniform,fifo,performance,opportunistic,j0132,alice,small,50,1,3236,3347,3613,266,266,111,377,0,false,gpu-a
A-uniform,fifo,performance,opportunistic,j0133,bob,small,50,1,3239,3349,3547,198,198,110,308,0,false,gpu-b
A-uniform,fifo,performance,opportunistic,j0134,bob,small,50,1,3288,3355,3653,298,298,67,365,0,false,gpu-a
A-uniform,fifo,performance,opportunistic,j0135,bob,small,50,1,3319,3412,3631,219,219,93,312,0,false,gpu-b
A-uniform,fifo,performance,opportunistic,j0136,bob,small,50,1,3327,3431,3520,89,89,104,193,0,false,gpu-b
A-uniform,fifo,performance,opportunistic,j0137,bob,small,50,1,3332,3483,3595,112,112,151,263,0,false,gpu-a
A-uniform,fifo,performance,opportunistic,j0138,alice,small,50,1,3342,3520,3614,94,94,178,272,0,false,gpu-b
A-uniform,fifo,performance,opportunistic,j0139,alice,small,50,1,3342,3537,3836,299,299,195,494,0,false,gpu-a
A-uniform,fifo,performance,opportunistic,j0140,bob,small,50,1,3360,3547,3714,167,167,187,354,0,false,gpu-b
A-uniform,fifo,performance,opportunistic,j0141,alice,small,50,1,3377,3564,3773,209,209,187,396,0,false,gpu-b
A-uniform,fifo,performance,opportunistic,j0142,alice,small,50,1,3379,3595,3842,247,247,216,463,0,false,gpu-a
A-uniform,fifo,performance,opportunistic,j0143,bob,small,50,1,3393,3613,3727,114,114,220,334,0,false,gpu-a
A-uniform,fifo,performance,opportunistic,j0144,bob,small,50,1,3508,3614,3835,221,221,106,327,0,false,gpu-b
A-uniform,fifo,performance,opportunistic,j0145,bob,small,50,1,3519,3631,3859,228,228,112,340,0,false,gpu-b
A-uniform,fifo,performance,opportunistic,j0146,bob,small,50,1,3526,3653,3801,148,148,127,275,0,false,gpu-a
A-uniform,fifo,performance,opportunistic,j0147,bob,small,50,1,3528,3714,3951,237,237,186,423,0,false,gpu-b
A-uniform,fifo,performance,opportunistic,j0148,bob,small,50,1,3575,3727,3838,111,111,152,263,0,false,gpu-a
A-uniform,fifo,performance,opportunistic,j0149,alice,small,50,1,3582,3773,3917,144,144,191,335,0,false,gpu-b
A-uniform,fifo,performance,opportunistic,j0150,bob,small,50,1,3626,3801,3891,90,90,175,265,0,false,gpu-a
A-uniform,fifo,performance,opportunistic,j0151,alice,small,50,1,3643,3835,4091,256,256,192,448,0,false,gpu-b
A-uniform,fifo,performance,opportunistic,j0152,bob,small,50,1,3706,3836,4075,239,239,130,369,0,false,gpu-a
A-uniform,fifo,performance,opportunistic,j0153,bob,small,50,1,3727,3838,4110,272,272,111,383,0,false,gpu-a
A-uniform,fifo,performance,opportunistic,j0154,alice,small,50,1,3740,3842,4021,179,179,102,281,0,false,gpu-a
A-uniform,fifo,performance,opportunistic,j0155,alice,small,50,1,3769,3859,3993,134,134,90,224,0,false,gpu-b
A-uniform,fifo,performance,opportunistic,j0156,bob,small,50,1,3786,3891,4150,259,259,105,364,0,false,gpu-a
A-uniform,fifo,performance,opportunistic,j0157,alice,small,50,1,3791,3917,4119,202,202,126,328,0,false,gpu-b
A-uniform,fifo,performance,opportunistic,j0158,alice,small,50,1,3802,3951,4157,206,206,149,355,0,false,gpu-b
A-uniform,fifo,performance,opportunistic,j0159,alice,small,50,1,3829,3993,4099,106,106,164,270,0,false,gpu-b
A-uniform,fifo,performance,opportunistic,j0160,bob,small,50,1,3855,4021,4241,220,220,166,386,0,false,gpu-a
A-uniform,fifo,performance,opportunistic,j0161,alice,small,50,1,3894,4075,4286,211,211,181,392,0,false,gpu-a
A-uniform,fifo,performance,opportunistic,j0162,bob,small,50,1,3921,4091,4297,206,206,170,376,0,false,gpu-b
A-uniform,fifo,performance,opportunistic,j0163,alice,small,50,1,3949,4099,4188,89,89,150,239,0,false,gpu-b
A-uniform,fifo,performance,opportunistic,j0164,alice,small,50,1,3974,4110,4194,84,84,136,220,0,false,gpu-a
A-uniform,fifo,performance,opportunistic,j0165,bob,small,50,1,4014,4119,4397,278,278,105,383,0,false,gpu-b
A-uniform,fifo,performance,opportunistic,j0166,bob,small,50,1,4017,4150,4274,124,124,133,257,0,false,gpu-a
A-uniform,fifo,performance,opportunistic,j0167,alice,small,50,1,4021,4157,4249,92,92,136,228,0,false,gpu-b
A-uniform,fifo,performance,opportunistic,j0168,bob,small,50,1,4029,4188,4267,79,79,159,238,0,false,gpu-b
A-uniform,fifo,performance,opportunistic,j0169,alice,small,50,1,4038,4194,4289,95,95,156,251,0,false,gpu-a
A-uniform,fifo,performance,opportunistic,j0170,bob,small,50,1,4045,4241,4304,63,63,196,259,0,false,gpu-a
A-uniform,fifo,performance,opportunistic,j0171,bob,small,50,1,4073,4249,4508,259,259,176,435,0,false,gpu-b
A-uniform,fifo,performance,opportunistic,j0172,alice,small,50,1,4114,4267,4395,128,128,153,281,0,false,gpu-b
A-uniform,fifo,performance,opportunistic,j0173,bob,small,50,1,4135,4274,4561,287,287,139,426,0,false,gpu-a
A-uniform,fifo,performance,opportunistic,j0174,bob,small,50,1,4171,4286,4415,129,129,115,244,0,false,gpu-a
A-uniform,fifo,performance,opportunistic,j0175,alice,small,50,1,4190,4289,4440,151,151,99,250,0,false,gpu-a
A-uniform,fifo,performance,opportunistic,j0176,bob,small,50,1,4200,4297,4565,268,268,97,365,0,false,gpu-b
A-uniform,fifo,performance,opportunistic,j0177,alice,small,50,1,4222,4304,4397,93,93,82,175,0,false,gpu-a
A-uniform,fifo,performance,opportunistic,j0178,alice,small,50,1,4224,4395,4583,188,188,171,359,0,false,gpu-b
A-uniform,fifo,performance,opportunistic,j0179,alice,small,50,1,4304,4397,4471,74,74,93,167,0,false,gpu-a
A-uniform,fifo,performance,opportunistic,j0180,alice,small,50,1,4308,4397,4484,87,87,89,176,0,false,gpu-b
A-uniform,fifo,performance,opportunistic,j0181,alice,small,50,1,4324,4415,4694,279,279,91,370,0,false,gpu-a
A-uniform,fifo,performance,opportunistic,j0182,bob,small,50,1,4352,4440,4734,294,294,88,382,0,false,gpu-a
A-uniform,fifo,performance,opportunistic,j0183,bob,small,50,1,4356,4471,4651,180,180,115,295,0,false,gpu-a
A-uniform,fifo,performance,opportunistic,j0184,alice,small,50,1,4358,4484,4701,217,217,126,343,0,false,gpu-b
A-uniform,fifo,performance,opportunistic,j0185,bob,small,50,1,4360,4508,4754,246,246,148,394,0,false,gpu-b
A-uniform,fifo,performance,opportunistic,j0186,alice,small,50,1,4398,4561,4751,190,190,163,353,0,false,gpu-a
A-uniform,fifo,performance,opportunistic,j0187,alice,small,50,1,4478,4565,4805,240,240,87,327,0,false,gpu-b
A-uniform,fifo,performance,opportunistic,j0188,alice,small,50,1,4516,4583,4690,107,107,67,174,0,false,gpu-b
A-uniform,fifo,performance,opportunistic,j0189,alice,small,50,1,4529,4651,4776,125,125,122,247,0,false,gpu-a
A-uniform,fifo,performance,opportunistic,j0190,alice,small,50,1,4546,4690,4920,230,230,144,374,0,false,gpu-b
A-uniform,fifo,performance,opportunistic,j0191,bob,small,50,1,4557,4694,4823,129,129,137,266,0,false,gpu-a
A-uniform,fifo,performance,opportunistic,j0192,bob,small,50,1,4618,4701,4862,161,161,83,244,0,false,gpu-b
A-uniform,fifo,performance,opportunistic,j0193,alice,small,50,1,4661,4734,4879,145,145,73,218,0,false,gpu-a
A-uniform,fifo,performance,opportunistic,j0194,bob,small,50,1,4662,4751,4912,161,161,89,250,0,false,gpu-a
A-uniform,fifo,performance,opportunistic,j0195,bob,small,50,1,4662,4754,4984,230,230,92,322,0,false,gpu-b
A-uniform,fifo,performance,opportunistic,j0196,alice,small,50,1,4710,4776,5076,300,300,66,366,0,false,gpu-a
A-uniform,fifo,performance,opportunistic,j0197,alice,small,50,1,4733,4805,4923,118,118,72,190,0,false,gpu-b
A-uniform,fifo,performance,opportunistic,j0198,bob,small,50,1,4734,4823,4905,82,82,89,171,0,false,gpu-a
A-uniform,fifo,performance,opportunistic,j0199,alice,small,50,1,4758,4862,5014,152,152,104,256,0,false,gpu-b
A-uniform,fifo,performance,strict,j0000,bob,small,50,1,30,30,173,143,143,0,143,0,false,gpu-a
A-uniform,fifo,performance,strict,j0001,alice,small,50,1,31,31,174,143,143,0,143,0,false,gpu-a
A-uniform,fifo,performance,strict,j0002,bob,small,50,1,100,100,340,240,240,0,240,0,false,gpu-a
A-uniform,fifo,performance,strict,j0003,bob,small,50,1,118,118,360,242,242,0,242,0,false,gpu-a
A-uniform,fifo,performance,strict,j0004,alice,small,50,1,176,176,280,104,104,0,104,0,false,gpu-a
A-uniform,fifo,performance,strict,j0005,alice,small,50,1,198,198,442,244,244,0,244,0,false,gpu-a
A-uniform,fifo,performance,strict,j0006,alice,small,50,1,200,200,475,275,275,0,275,0,false,gpu-b
A-uniform,fifo,performance,strict,j0007,bob,small,50,1,206,206,421,215,215,0,215,0,false,gpu-b
A-uniform,fifo,performance,strict,j0008,bob,small,50,1,224,224,310,86,86,0,86,0,false,gpu-b
A-uniform,fifo,performance,strict,j0009,alice,small,50,1,240,240,444,204,204,0,204,0,false,gpu-b
A-uniform,fifo,performance,strict,j0010,alice,small,50,1,307,307,588,281,281,0,281,0,false,gpu-a
A-uniform,fifo,performance,strict,j0011,alice,small,50,1,320,320,584,264,264,0,264,0,false,gpu-b
A-uniform,fifo,performance,strict,j0012,bob,small,50,1,330,340,583,243,243,10,253,0,false,gpu-a
A-uniform,fifo,performance,strict,j0013,alice,small,50,1,335,360,570,210,210,25,235,0,false,gpu-a
A-uniform,fifo,performance,strict,j0014,alice,small,50,1,361,421,614,193,193,60,253,0,false,gpu-b
A-uniform,fifo,performance,strict,j0015,alice,small,50,1,383,442,573,131,131,59,190,0,false,gpu-a
A-uniform,fifo,performance,strict,j0016,alice,small,50,1,397,444,666,222,222,47,269,0,false,gpu-b
A-uniform,fifo,performance,strict,j0017,bob,small,50,1,416,475,658,183,183,59,242,0,false,gpu-b
A-uniform,fifo,performance,strict,j0018,alice,small,50,1,450,570,781,211,211,120,331,0,false,gpu-a
A-uniform,fifo,performance,strict,j0019,bob,small,50,1,480,573,794,221,221,93,314,0,false,gpu-a
A-uniform,fifo,performance,strict,j0020,alice,small,50,1,564,583,682,99,99,19,118,0,false,gpu-a
A-uniform,fifo,performance,strict,j0021,bob,small,50,1,567,584,815,231,231,17,248,0,false,gpu-b
A-uniform,fifo,performance,strict,j0022,alice,small,50,1,595,595,765,170,170,0,170,0,false,gpu-a
A-uniform,fifo,performance,strict,j0023,bob,small,50,1,634,634,702,68,68,0,68,0,false,gpu-b
A-uniform,fifo,performance,strict,j0024,bob,small,50,1,682,682,814,132,132,0,132,0,false,gpu-a
A-uniform,fifo,performance,strict,j0025,alice,small,50,1,697,697,988,291,291,0,291,0,false,gpu-b
A-uniform,fifo,performance,strict,j0026,bob,small,50,1,735,735,1021,286,286,0,286,0,false,gpu-b
A-uniform,fifo,performance,strict,j0027,alice,small,50,1,800,800,913,113,113,0,113,0,false,gpu-a
A-uniform,fifo,performance,strict,j0028,alice,small,50,1,830,830,1012,182,182,0,182,0,false,gpu-a
A-uniform,fifo,performance,strict,j0029,alice,small,50,1,849,849,1056,207,207,0,207,0,false,gpu-a
A-uniform,fifo,performance,strict,j0030,alice,small,50,1,877,877,1146,269,269,0,269,0,false,gpu-a
A-uniform,fifo,performance,strict,j0031,alice,small,50,1,884,884,1047,163,163,0,163,0,false,gpu-b
A-uniform,fifo,performance,strict,j0032,alice,small,50,1,890,890,1030,140,140,0,140,0,false,gpu-b
A-uniform,fifo,performance,strict,j0033,bob,small,50,1,908,913,1156,243,243,5,248,0,false,gpu-a
A-uniform,fifo,performance,strict,j0034,bob,small,50,1,917,988,1051,63,63,71,134,0,false,gpu-b
A-uniform,fifo,performance,strict,j0035,bob,small,50,1,936,1012,1083,71,71,76,147,0,false,gpu-a
A-uniform,fifo,performance,strict,j0036,alice,small,50,1,942,1021,1164,143,143,79,222,0,false,gpu-b
A-uniform,fifo,performance,strict,j0037,bob,small,50,1,948,1030,1203,173,173,82,255,0,false,gpu-b
A-uniform,fifo,performance,strict,j0038,alice,small,50,1,1000,1047,1218,171,171,47,218,0,false,gpu-b
A-uniform,fifo,performance,strict,j0039,bob,small,50,1,1012,1051,1233,182,182,39,221,0,false,gpu-b
A-uniform,fifo,performance,strict,j0040,alice,small,50,1,1042,1056,1265,209,209,14,223,0,false,gpu-a
A-uniform,fifo,performance,strict,j0041,alice,small,50,1,1064,1083,1143,60,60,19,79,0,false,gpu-a
A-uniform,fifo,performance,strict,j0042,alice,small,50,1,1098,1143,1421,278,278,45,323,0,false,gpu-a
A-uniform,fifo,performance,strict,j0043,alice,small,50,1,1099,1146,1432,286,286,47,333,0,false,gpu-a
A-uniform,fifo,performance,strict,j0044,bob,small,50,1,1107,1156,1360,204,204,49,253,0,false,gpu-a
A-uniform,fifo,performance,strict,j0045,bob,small,50,1,1118,1164,1376,212,212,46,258,0,false,gpu-b
A-uniform,fifo,performance,strict,j0046,alice,small,50,1,1122,1203,1332,129,129,81,210,0,false,gpu-b
A-uniform,fifo,performance,strict,j0047,alice,small,50,1,1124,1218,1288,70,70,94,164,0,false,gpu-b
A-uniform,fifo,performance,strict,j0048,alice,small,50,1,1147,1233,1458,225,225,86,311,0,false,gpu-b
A-uniform,fifo,performance,strict,j0049,alice,small,50,1,1190,1265,1344,79,79,75,154,0,false,gpu-a
A-uniform,fifo,performance,strict,j0050,alice,small,50,1,1226,1288,1574,286,286,62,348,0,false,gpu-b
A-uniform,fifo,performance,strict,j0051,alice,small,50,1,1245,1332,1409,77,77,87,164,0,false,gpu-b
A-uniform,fifo,performance,strict,j0052,bob,small,50,1,1278,1344,1504,160,160,66,226,0,false,gpu-a
A-uniform,fifo,performance,strict,j0053,alice,small,50,1,1292,1360,1589,229,229,68,297,0,false,gpu-a
A-uniform,fifo,performance,strict,j0054,bob,small,50,1,1332,1376,1570,194,194,44,238,0,false,gpu-b
A-uniform,fifo,performance,strict,j0055,alice,small,50,1,1373,1409,1553,144,144,36,180,0,false,gpu-b
A-uniform,fifo,performance,strict,j0056,alice,small,50,1,1382,1421,1535,114,114,39,153,0,false,gpu-a
A-uniform,fifo,performance,strict,j0057,alice,small,50,1,1418,1432,1655,223,223,14,237,0,false,gpu-a
A-uniform,fifo,performance,strict,j0058,alice,small,50,1,1422,1458,1637,179,179,36,215,0,false,gpu-b
A-uniform,fifo,performance,strict,j0059,alice,small,50,1,1463,1504,1645,141,141,41,182,0,false,gpu-a
A-uniform,fifo,performance,strict,j0060,bob,small,50,1,1486,1535,1804,269,269,49,318,0,false,gpu-a
A-uniform,fifo,performance,strict,j0061,bob,small,50,1,1563,1563,1831,268,268,0,268,0,false,gpu-b
A-uniform,fifo,performance,strict,j0062,bob,small,50,1,1570,1570,1668,98,98,0,98,0,false,gpu-b
A-uniform,fifo,performance,strict,j0063,alice,small,50,1,1573,1574,1637,63,63,1,64,0,false,gpu-b
A-uniform,fifo,performance,strict,j0064,bob,small,50,1,1583,1589,1730,141,141,6,147,0,false,gpu-a
A-uniform,fifo,performance,strict,j0065,bob,small,50,1,1595,1637,1777,140,140,42,182,0,false,gpu-b
A-uniform,fifo,performance,strict,j0066,alice,small,50,1,1631,1637,1847,210,210,6,216,0,false,gpu-b
A-uniform,fifo,performance,strict,j0067,bob,small,50,1,1668,1668,1938,270,270,0,270,0,false,gpu-a
A-uniform,fifo,performance,strict,j0068,bob,small,50,1,1684,1684,1762,78,78,0,78,0,false,gpu-a
A-uniform,fifo,performance,strict,j0069,alice,small,50,1,1703,1703,1963,260,260,0,260,0,false,gpu-b
A-uniform,fifo,performance,strict,j0070,bob,small,50,1,1708,1730,1899,169,169,22,191,0,false,gpu-a
A-uniform,fifo,performance,strict,j0071,bob,small,50,1,1736,1762,2061,299,299,26,325,0,false,gpu-a
A-uniform,fifo,performance,strict,j0072,alice,small,50,1,1769,1777,2049,272,272,8,280,0,false,gpu-b
A-uniform,fifo,performance,strict,j0073,alice,small,50,1,1787,1804,2031,227,227,17,244,0,false,gpu-a
A-uniform,fifo,performance,strict,j0074,bob,small,50,1,1819,1831,2018,187,187,12,199,0,false,gpu-b
A-uniform,fifo,performance,strict,j0075,bob,small,50,1,1831,1847,2069,222,222,16,238,0,false,gpu-b
A-uniform,fifo,performance,strict,j0076,alice,small,50,1,1864,1899,1968,69,69,35,104,0,false,gpu-a
A-uniform,fifo,performance,strict,j0077,bob,small,50,1,1931,1938,2074,136,136,7,143,0,false,gpu-a
A-uniform,fifo,performance,strict,j0078,alice,small,50,1,1956,1963,2093,130,130,7,137,0,false,gpu-b
A-uniform,fifo,performance,strict,j0079,bob,small,50,1,1959,1968,2078,110,110,9,119,0,false,gpu-a
A-uniform,fifo,performance,strict,j0080,alice,small,50,1,1967,2018,2160,142,142,51,193,0,false,gpu-b
A-uniform,fifo,performance,strict,j0081,bob,small,50,1,2014,2031,2159,128,128,17,145,0,false,gpu-a
A-uniform,fifo,performance,strict,j0082,bob,small,50,1,2051,2051,2350,299,299,0,299,0,false,gpu-b
A-uniform,fifo,performance,strict,j0083,bob,small,50,1,2087,2087,2275,188,188,0,188,0,false,gpu-a
A-uniform,fifo,performance,strict,j0084,alice,small,50,1,2115,2115,2365,250,250,0,250,0,false,gpu-a
A-uniform,fifo,performance,strict,j0085,bob,small,50,1,2131,2131,2262,131,131,0,131,0,false,gpu-a
A-uniform,fifo,performance,strict,j0086,bob,small,50,1,2155,2155,2310,155,155,0,155,0,false,gpu-b
A-uniform,fifo,performance,strict,j0087,bob,small,50,1,2174,2174,2452,278,278,0,278,0,false,gpu-a
A-uniform,fifo,performance,strict,j0088,alice,small,50,1,2195,2195,2383,188,188,0,188,0,false,gpu-b
A-uniform,fifo,performance,strict,j0089,bob,small,50,1,2243,2243,2366,123,123,0,123,0,false,gpu-b
A-uniform,fifo,performance,strict,j0090,alice,small,50,1,2353,2353,2580,227,227,0,227,0,false,gpu-a
A-uniform,fifo,performance,strict,j0091,alice,small,50,1,2378,2378,2619,241,241,0,241,0,false,gpu-a
A-uniform,fifo,performance,strict,j0092,bob,small,50,1,2413,2413,2492,79,79,0,79,0,false,gpu-a
A-uniform,fifo,performance,strict,j0093,alice,small,50,1,2429,2429,2589,160,160,0,160,0,false,gpu-b
A-uniform,fifo,performance,strict,j0094,alice,small,50,1,2449,2449,2714,265,265,0,265,0,false,gpu-b
A-uniform,fifo,performance,strict,j0095,alice,small,50,1,2480,2480,2736,256,256,0,256,0,false,gpu-a
A-uniform,fifo,performance,strict,j0096,bob,small,50,1,2540,2540,2748,208,208,0,208,0,false,gpu-a
A-uniform,fifo,performance,strict,j0097,alice,small,50,1,2553,2553,2680,127,127,0,127,0,false,gpu-b
A-uniform,fifo,performance,strict,j0098,alice,small,50,1,2561,2561,2840,279,279,0,279,0,false,gpu-b
A-uniform,fifo,performance,strict,j0099,bob,small,50,1,2593,2593,2788,195,195,0,195,0,false,gpu-a
A-uniform,fifo,performance,strict,j0100,bob,small,50,1,2631,2631,2871,240,240,0,240,0,false,gpu-a
A-uniform,fifo,performance,strict,j0101,alice,small,50,1,2644,2644,2729,85,85,0,85,0,false,gpu-b
A-uniform,fifo,performance,strict,j0102,bob,small,50,1,2690,2690,2868,178,178,0,178,0,false,gpu-b
A-uniform,fifo,performance,strict,j0103,bob,small,50,1,2703,2714,2869,155,155,11,166,0,false,gpu-b
A-uniform,fifo,performance,strict,j0104,bob,small,50,1,2738,2738,2986,248,248,0,248,0,false,gpu-a
A-uniform,fifo,performance,strict,j0105,alice,small,50,1,2740,2740,3011,271,271,0,271,0,false,gpu-b
A-uniform,fifo,performance,strict,j0106,alice,small,50,1,2753,2753,2819,66,66,0,66,0,false,gpu-a
A-uniform,fifo,performance,strict,j0107,alice,small,50,1,2756,2788,2891,103,103,32,135,0,false,gpu-a
A-uniform,fifo,performance,strict,j0108,bob,small,50,1,2759,2819,2993,174,174,60,234,0,false,gpu-a
A-uniform,fifo,performance,strict,j0109,alice,small,50,1,2784,2840,2931,91,91,56,147,0,false,gpu-b
A-uniform,fifo,performance,strict,j0110,alice,small,50,1,2798,2868,2981,113,113,70,183,0,false,gpu-b
A-uniform,fifo,performance,strict,j0111,alice,small,50,1,2809,2869,2973,104,104,60,164,0,false,gpu-b
A-uniform,fifo,performance,strict,j0112,bob,small,50,1,2820,2871,3028,157,157,51,208,0,false,gpu-a
A-uniform,fifo,performance,strict,j0113,bob,small,50,1,2854,2891,3117,226,226,37,263,0,false,gpu-a
A-uniform,fifo,performance,strict,j0114,bob,small,50,1,2888,2931,3142,211,211,43,254,0,false,gpu-b
A-uniform,fifo,performance,strict,j0115,alice,small,50,1,2893,2973,3259,286,286,80,366,0,false,gpu-b
A-uniform,fifo,performance,strict,j0116,bob,small,50,1,2938,2981,3171,190,190,43,233,0,false,gpu-b
A-uniform,fifo,performance,strict,j0117,bob,small,50,1,2942,2986,3095,109,109,44,153,0,false,gpu-a
A-uniform,fifo,performance,strict,j0118,bob,small,50,1,2944,2993,3188,195,195,49,244,0,false,gpu-a
A-uniform,fifo,performance,strict,j0119,bob,small,50,1,2956,3011,3256,245,245,55,300,0,false,gpu-b
A-uniform,fifo,performance,strict,j0120,bob,small,50,1,3073,3073,3355,282,282,0,282,0,false,gpu-a
A-uniform,fifo,performance,strict,j0121,alice,small,50,1,3081,3095,3288,193,193,14,207,0,false,gpu-a
A-uniform,fifo,performance,strict,j0122,bob,small,50,1,3092,3117,3275,158,158,25,183,0,false,gpu-a
A-uniform,fifo,performance,strict,j0123,alice,small,50,1,3126,3142,3255,113,113,16,129,0,false,gpu-b
A-uniform,fifo,performance,strict,j0124,bob,small,50,1,3153,3171,3412,241,241,18,259,0,false,gpu-b
A-uniform,fifo,performance,strict,j0125,alice,small,50,1,3161,3188,3347,159,159,27,186,0,false,gpu-a
A-uniform,fifo,performance,strict,j0126,alice,small,50,1,3195,3255,3349,94,94,60,154,0,false,gpu-b
A-uniform,fifo,performance,strict,j0127,alice,small,50,1,3209,3256,3340,84,84,47,131,0,false,gpu-b
A-uniform,fifo,performance,strict,j0128,bob,small,50,1,3215,3259,3431,172,172,44,216,0,false,gpu-b
A-uniform,fifo,performance,strict,j0129,bob,small,50,1,3225,3275,3537,262,262,50,312,0,false,gpu-a
A-uniform,fifo,performance,strict,j0130,alice,small,50,1,3228,3288,3483,195,195,60,255,0,false,gpu-a
A-uniform,fifo,performance,strict,j0131,bob,small,50,1,3235,3340,3564,224,224,105,329,0,false,gpu-b
A-uniform,fifo,performance,strict,j0132,alice,small,50,1,3236,3347,3613,266,266,111,377,0,false,gpu-a
A-uniform,fifo,performance,strict,j0133,bob,small,50,1,3239,3349,3547,198,198,110,308,0,false,gpu-b
A-uniform,fifo,performance,strict,j0134,bob,small,50,1,3288,3355,3653,298,298,67,365,0,false,gpu-a
A-uniform,fifo,performance,strict,j0135,bob,small,50,1,3319,3412,3631,219,219,93,312,0,false,gpu-b
A-uniform,fifo,performance,strict,j0136,bob,small,50,1,3327,3431,3520,89,89,104,193,0,false,gpu-b
A-uniform,fifo,performance,strict,j0137,bob,small,50,1,3332,3483,3595,112,112,151,263,0,false,gpu-a
A-uniform,fifo,performance,strict,j0138,alice,small,50,1,3342,3520,3614,94,94,178,272,0,false,gpu-b
A-uniform,fifo,performance,strict,j0139,alice,small,50,1,3342,3537,3836,299,299,195,494,0,false,gpu-a
A-uniform,fifo,performance,strict,j0140,bob,small,50,1,3360,3547,3714,167,167,187,354,0,false,gpu-b
A-uniform,fifo,performance,strict,j0141,alice,small,50,1,3377,3564,3773,209,209,187,396,0,false,gpu-b
A-uniform,fifo,performance,strict,j0142,alice,small,50,1,3379,3595,3842,247,247,216,463,0,false,gpu-a
A-uniform,fifo,performance,strict,j0143,bob,small,50,1,3393,3613,3727,114,114,220,334,0,false,gpu-a
A-uniform,fifo,performance,strict,j0144,bob,small,50,1,3508,3614,3835,221,221,106,327,0,false,gpu-b
A-uniform,fifo,performance,strict,j0145,bob,small,50,1,3519,3631,3859,228,228,112,340,0,false,gpu-b
A-uniform,fifo,performance,strict,j0146,bob,small,50,1,3526,3653,3801,148,148,127,275,0,false,gpu-a
A-uniform,fifo,performance,strict,j0147,bob,small,50,1,3528,3714,3951,237,237,186,423,0,false,gpu-b
A-uniform,fifo,performance,strict,j0148,bob,small,50,1,3575,3727,3838,111,111,152,263,0,false,gpu-a
A-uniform,fifo,performance,strict,j0149,alice,small,50,1,3582,3773,3917,144,144,191,335,0,false,gpu-b
A-uniform,fifo,performance,strict,j0150,bob,small,50,1,3626,3801,3891,90,90,175,265,0,false,gpu-a
A-uniform,fifo,performance,strict,j0151,alice,small,50,1,3643,3835,4091,256,256,192,448,0,false,gpu-b
A-uniform,fifo,performance,strict,j0152,bob,small,50,1,3706,3836,4075,239,239,130,369,0,false,gpu-a
A-uniform,fifo,performance,strict,j0153,bob,small,50,1,3727,3838,4110,272,272,111,383,0,false,gpu-a
A-uniform,fifo,performance,strict,j0154,alice,small,50,1,3740,3842,4021,179,179,102,281,0,false,gpu-a
A-uniform,fifo,performance,strict,j0155,alice,small,50,1,3769,3859,3993,134,134,90,224,0,false,gpu-b
A-uniform,fifo,performance,strict,j0156,bob,small,50,1,3786,3891,4150,259,259,105,364,0,false,gpu-a
A-uniform,fifo,performance,strict,j0157,alice,small,50,1,3791,3917,4119,202,202,126,328,0,false,gpu-b
A-uniform,fifo,performance,strict,j0158,alice,small,50,1,3802,3951,4157,206,206,149,355,0,false,gpu-b
A-uniform,fifo,performance,strict,j0159,alice,small,50,1,3829,3993,4099,106,106,164,270,0,false,gpu-b
A-uniform,fifo,performance,strict,j0160,bob,small,50,1,3855,4021,4241,220,220,166,386,0,false,gpu-a
A-uniform,fifo,performance,strict,j0161,alice,small,50,1,3894,4075,4286,211,211,181,392,0,false,gpu-a
A-uniform,fifo,performance,strict,j0162,bob,small,50,1,3921,4091,4297,206,206,170,376,0,false,gpu-b
A-uniform,fifo,performance,strict,j0163,alice,small,50,1,3949,4099,4188,89,89,150,239,0,false,gpu-b
A-uniform,fifo,performance,strict,j0164,alice,small,50,1,3974,4110,4194,84,84,136,220,0,false,gpu-a
A-uniform,fifo,performance,strict,j0165,bob,small,50,1,4014,4119,4397,278,278,105,383,0,false,gpu-b
A-uniform,fifo,performance,strict,j0166,bob,small,50,1,4017,4150,4274,124,124,133,257,0,false,gpu-a
A-uniform,fifo,performance,strict,j0167,alice,small,50,1,4021,4157,4249,92,92,136,228,0,false,gpu-b
A-uniform,fifo,performance,strict,j0168,bob,small,50,1,4029,4188,4267,79,79,159,238,0,false,gpu-b
A-uniform,fifo,performance,strict,j0169,alice,small,50,1,4038,4194,4289,95,95,156,251,0,false,gpu-a
A-uniform,fifo,performance,strict,j0170,bob,small,50,1,4045,4241,4304,63,63,196,259,0,false,gpu-a
A-uniform,fifo,performance,strict,j0171,bob,small,50,1,4073,4249,4508,259,259,176,435,0,false,gpu-b
A-uniform,fifo,performance,strict,j0172,alice,small,50,1,4114,4267,4395,128,128,153,281,0,false,gpu-b
A-uniform,fifo,performance,strict,j0173,bob,small,50,1,4135,4274,4561,287,287,139,426,0,false,gpu-a
A-uniform,fifo,performance,strict,j0174,bob,small,50,1,4171,4286,4415,129,129,115,244,0,false,gpu-a
A-uniform,fifo,performance,strict,j0175,alice,small,50,1,4190,4289,4440,151,151,99,250,0,false,gpu-a
A-uniform,fifo,performance,strict,j0176,bob,small,50,1,4200,4297,4565,268,268,97,365,0,false,gpu-b
A-uniform,fifo,performance,strict,j0177,alice,small,50,1,4222,4304,4397,93,93,82,175,0,false,gpu-a
A-uniform,fifo,performance,strict,j0178,alice,small,50,1,4224,4395,4583,188,188,171,359,0,false,gpu-b
A-uniform,fifo,performance,strict,j0179,alice,small,50,1,4304,4397,4471,74,74,93,167,0,false,gpu-a
A-uniform,fifo,performance,strict,j0180,alice,small,50,1,4308,4397,4484,87,87,89,176,0,false,gpu-b
A-uniform,fifo,performance,strict,j0181,alice,small,50,1,4324,4415,4694,279,279,91,370,0,false,gpu-a
A-uniform,fifo,performance,strict,j0182,bob,small,50,1,4352,4440,4734,294,294,88,382,0,false,gpu-a
A-uniform,fifo,performance,strict,j0183,bob,small,50,1,4356,4471,4651,180,180,115,295,0,false,gpu-a
A-uniform,fifo,performance,strict,j0184,alice,small,50,1,4358,4484,4701,217,217,126,343,0,false,gpu-b
A-uniform,fifo,performance,strict,j0185,bob,small,50,1,4360,4508,4754,246,246,148,394,0,false,gpu-b
A-uniform,fifo,performance,strict,j0186,alice,small,50,1,4398,4561,4751,190,190,163,353,0,false,gpu-a
A-uniform,fifo,performance,strict,j0187,alice,small,50,1,4478,4565,4805,240,240,87,327,0,false,gpu-b
A-uniform,fifo,performance,strict,j0188,alice,small,50,1,4516,4583,4690,107,107,67,174,0,false,gpu-b
A-uniform,fifo,performance,strict,j0189,alice,small,50,1,4529,4651,4776,125,125,122,247,0,false,gpu-a
A-uniform,fifo,performance,strict,j0190,alice,small,50,1,4546,4690,4920,230,230,144,374,0,false,gpu-b
A-uniform,fifo,performance,strict,j0191,bob,small,50,1,4557,4694,4823,129,129,137,266,0,false,gpu-a
A-uniform,fifo,performance,strict,j0192,bob,small,50,1,4618,4701,4862,161,161,83,244,0,false,gpu-b
A-uniform,fifo,performance,strict,j0193,alice,small,50,1,4661,4734,4879,145,145,73,218,0,false,gpu-a
A-uniform,fifo,performance,strict,j0194,bob,small,50,1,4662,4751,4912,161,161,89,250,0,false,gpu-a
A-uniform,fifo,performance,strict,j0195,bob,small,50,1,4662,4754,4984,230,230,92,322,0,false,gpu-b
A-uniform,fifo,performance,strict,j0196,alice,small,50,1,4710,4776,5076,300,300,66,366,0,false,gpu-a
A-uniform,fifo,performance,strict,j0197,alice,small,50,1,4733,4805,4923,118,118,72,190,0,false,gpu-b
A-uniform,fifo,performance,strict,j0198,bob,small,50,1,4734,4823,4905,82,82,89,171,0,false,gpu-a
A-uniform,fifo,performance,strict,j0199,alice,small,50,1,4758,4862,5014,152,152,104,256,0,false,gpu-b
A-uniform,fifo,performance,reserved,j0000,bob,small,50,1,30,30,173,143,143,0,143,0,false,gpu-a
A-uniform,fifo,performance,reserved,j0001,alice,small,50,1,31,31,174,143,143,0,143,0,false,gpu-a
A-uniform,fifo,performance,reserved,j0002,bob,small,50,1,100,100,340,240,240,0,240,0,false,gpu-a
A-uniform,fifo,performance,reserved,j0003,bob,small,50,1,118,118,360,242,242,0,242,0,false,gpu-a
A-uniform,fifo,performance,reserved,j0004,alice,small,50,1,176,176,280,104,104,0,104,0,false,gpu-a
A-uniform,fifo,performance,reserved,j0005,alice,small,50,1,198,198,442,244,244,0,244,0,false,gpu-a
A-uniform,fifo,performance,reserved,j0006,alice,small,50,1,200,200,475,275,275,0,275,0,false,gpu-b
A-uniform,fifo,performance,reserved,j0007,bob,small,50,1,206,206,421,215,215,0,215,0,false,gpu-b
A-uniform,fifo,performance,reserved,j0008,bob,small,50,1,224,224,310,86,86,0,86,0,false,gpu-b
A-uniform,fifo,performance,reserved,j0009,alice,small,50,1,240,240,444,204,204,0,204,0,false,gpu-b
A-uniform,fifo,performance,reserved,j0010,alice,small,50,1,307,307,588,281,281,0,281,0,false,gpu-a
A-uniform,fifo,performance,reserved,j0011,alice,small,50,1,320,320,584,264,264,0,264,0,false,gpu-b
A-uniform,fifo,performance,reserved,j0012,bob,small,50,1,330,340,583,243,243,10,253,0,false,gpu-a
A-uniform,fifo,performance,reserved,j0013,alice,small,50,1,335,360,570,210,210,25,235,0,false,gpu-a
A-uniform,fifo,performance,reserved,j0014,alice,small,50,1,361,421,614,193,193,60,253,0,false,gpu-b
A-uniform,fifo,performance,reserved,j0015,alice,small,50,1,383,442,573,131,131,59,190,0,false,gpu-a
A-uniform,fifo,performance,reserved,j0016,alice,small,50,1,397,444,666,222,222,47,269,0,false,gpu-b
A-uniform,fifo,performance,reserved,j0017,bob,small,50,1,416,475,658,183,183,59,242,0,false,gpu-b
A-uniform,fifo,performance,reserved,j0018,alice,small,50,1,450,570,781,211,211,120,331,0,false,gpu-a
A-uniform,fifo,performance,reserved,j0019,bob,small,50,1,480,573,794,221,221,93,314,0,false,gpu-a
A-uniform,fifo,performance,reserved,j0020,alice,small,50,1,564,583,682,99,99,19,118,0,false,gpu-a
A-uniform,fifo,performance,reserved,j0021,bob,small,50,1,567,584,815,231,231,17,248,0,false,gpu-b
A-uniform,fifo,performance,reserved,j0022,alice,small,50,1,595,595,765,170,170,0,170,0,false,gpu-a
A-uniform,fifo,performance,reserved,j0023,bob,small,50,1,634,634,702,68,68,0,68,0,false,gpu-b
A-uniform,fifo,performance,reserved,j0024,bob,small,50,1,682,682,814,132,132,0,132,0,false,gpu-a
A-uniform,fifo,performance,reserved,j0025,alice,small,50,1,697,697,988,291,291,0,291,0,false,gpu-b
A-uniform,fifo,performance,reserved,j0026,bob,small,50,1,735,735,1021,286,286,0,286,0,false,gpu-b
A-uniform,fifo,performance,reserved,j0027,alice,small,50,1,800,800,913,113,113,0,113,0,false,gpu-a
A-uniform,fifo,performance,reserved,j0028,alice,small,50,1,830,830,1012,182,182,0,182,0,false,gpu-a
A-uniform,fifo,performance,reserved,j0029,alice,small,50,1,849,849,1056,207,207,0,207,0,false,gpu-a
A-uniform,fifo,performance,reserved,j0030,alice,small,50,1,877,877,1146,269,269,0,269,0,false,gpu-a
A-uniform,fifo,performance,reserved,j0031,alice,small,50,1,884,884,1047,163,163,0,163,0,false,gpu-b
A-uniform,fifo,performance,reserved,j0032,alice,small,50,1,890,890,1030,140,140,0,140,0,false,gpu-b
A-uniform,fifo,performance,reserved,j0033,bob,small,50,1,908,913,1156,243,243,5,248,0,false,gpu-a
A-uniform,fifo,performance,reserved,j0034,bob,small,50,1,917,988,1051,63,63,71,134,0,false,gpu-b
A-uniform,fifo,performance,reserved,j0035,bob,small,50,1,936,1012,1083,71,71,76,147,0,false,gpu-a
A-uniform,fifo,performance,reserved,j0036,alice,small,50,1,942,1021,1164,143,143,79,222,0,false,gpu-b
A-uniform,fifo,performance,reserved,j0037,bob,small,50,1,948,1030,1203,173,173,82,255,0,false,gpu-b
A-uniform,fifo,performance,reserved,j0038,alice,small,50,1,1000,1047,1218,171,171,47,218,0,false,gpu-b
A-uniform,fifo,performance,reserved,j0039,bob,small,50,1,1012,1051,1233,182,182,39,221,0,false,gpu-b
A-uniform,fifo,performance,reserved,j0040,alice,small,50,1,1042,1056,1265,209,209,14,223,0,false,gpu-a
A-uniform,fifo,performance,reserved,j0041,alice,small,50,1,1064,1083,1143,60,60,19,79,0,false,gpu-a
A-uniform,fifo,performance,reserved,j0042,alice,small,50,1,1098,1143,1421,278,278,45,323,0,false,gpu-a
A-uniform,fifo,performance,reserved,j0043,alice,small,50,1,1099,1146,1432,286,286,47,333,0,false,gpu-a
A-uniform,fifo,performance,reserved,j0044,bob,small,50,1,1107,1156,1360,204,204,49,253,0,false,gpu-a
A-uniform,fifo,performance,reserved,j0045,bob,small,50,1,1118,1164,1376,212,212,46,258,0,false,gpu-b
A-uniform,fifo,performance,reserved,j0046,alice,small,50,1,1122,1203,1332,129,129,81,210,0,false,gpu-b
A-uniform,fifo,performance,reserved,j0047,alice,small,50,1,1124,1218,1288,70,70,94,164,0,false,gpu-b
A-uniform,fifo,performance,reserved,j0048,alice,small,50,1,1147,1233,1458,225,225,86,311,0,false,gpu-b
A-uniform,fifo,performance,reserved,j0049,alice,small,50,1,1190,1265,1344,79,79,75,154,0,false,gpu-a
A-uniform,fifo,performance,reserved,j0050,alice,small,50,1,1226,1288,1574,286,286,62,348,0,false,gpu-b
A-uniform,fifo,performance,reserved,j0051,alice,small,50,1,1245,1332,1409,77,77,87,164,0,false,gpu-b
A-uniform,fifo,performance,reserved,j0052,bob,small,50,1,1278,1344,1504,160,160,66,226,0,false,gpu-a
A-uniform,fifo,performance,reserved,j0053,alice,small,50,1,1292,1360,1589,229,229,68,297,0,false,gpu-a
A-uniform,fifo,performance,reserved,j0054,bob,small,50,1,1332,1376,1570,194,194,44,238,0,false,gpu-b
A-uniform,fifo,performance,reserved,j0055,alice,small,50,1,1373,1409,1553,144,144,36,180,0,false,gpu-b
A-uniform,fifo,performance,reserved,j0056,alice,small,50,1,1382,1421,1535,114,114,39,153,0,false,gpu-a
A-uniform,fifo,performance,reserved,j0057,alice,small,50,1,1418,1432,1655,223,223,14,237,0,false,gpu-a
A-uniform,fifo,performance,reserved,j0058,alice,small,50,1,1422,1458,1637,179,179,36,215,0,false,gpu-b
A-uniform,fifo,performance,reserved,j0059,alice,small,50,1,1463,1504,1645,141,141,41,182,0,false,gpu-a
A-uniform,fifo,performance,reserved,j0060,bob,small,50,1,1486,1535,1804,269,269,49,318,0,false,gpu-a
A-uniform,fifo,performance,reserved,j0061,bob,small,50,1,1563,1563,1831,268,268,0,268,0,false,gpu-b
A-uniform,fifo,performance,reserved,j0062,bob,small,50,1,1570,1570,1668,98,98,0,98,0,false,gpu-b
A-uniform,fifo,performance,reserved,j0063,alice,small,50,1,1573,1574,1637,63,63,1,64,0,false,gpu-b
A-uniform,fifo,performance,reserved,j0064,bob,small,50,1,1583,1589,1730,141,141,6,147,0,false,gpu-a
A-uniform,fifo,performance,reserved,j0065,bob,small,50,1,1595,1637,1777,140,140,42,182,0,false,gpu-b
A-uniform,fifo,performance,reserved,j0066,alice,small,50,1,1631,1637,1847,210,210,6,216,0,false,gpu-b
A-uniform,fifo,performance,reserved,j0067,bob,small,50,1,1668,1668,1938,270,270,0,270,0,false,gpu-a
A-uniform,fifo,performance,reserved,j0068,bob,small,50,1,1684,1684,1762,78,78,0,78,0,false,gpu-a
A-uniform,fifo,performance,reserved,j0069,alice,small,50,1,1703,1703,1963,260,260,0,260,0,false,gpu-b
A-uniform,fifo,performance,reserved,j0070,bob,small,50,1,1708,1730,1899,169,169,22,191,0,false,gpu-a
A-uniform,fifo,performance,reserved,j0071,bob,small,50,1,1736,1762,2061,299,299,26,325,0,false,gpu-a
A-uniform,fifo,performance,reserved,j0072,alice,small,50,1,1769,1777,2049,272,272,8,280,0,false,gpu-b
A-uniform,fifo,performance,reserved,j0073,alice,small,50,1,1787,1804,2031,227,227,17,244,0,false,gpu-a
A-uniform,fifo,performance,reserved,j0074,bob,small,50,1,1819,1831,2018,187,187,12,199,0,false,gpu-b
A-uniform,fifo,performance,reserved,j0075,bob,small,50,1,1831,1847,2069,222,222,16,238,0,false,gpu-b
A-uniform,fifo,performance,reserved,j0076,alice,small,50,1,1864,1899,1968,69,69,35,104,0,false,gpu-a
A-uniform,fifo,performance,reserved,j0077,bob,small,50,1,1931,1938,2074,136,136,7,143,0,false,gpu-a
A-uniform,fifo,performance,reserved,j0078,alice,small,50,1,1956,1963,2093,130,130,7,137,0,false,gpu-b
A-uniform,fifo,performance,reserved,j0079,bob,small,50,1,1959,1968,2078,110,110,9,119,0,false,gpu-a
A-uniform,fifo,performance,reserved,j0080,alice,small,50,1,1967,2018,2160,142,142,51,193,0,false,gpu-b
A-uniform,fifo,performance,reserved,j0081,bob,small,50,1,2014,2031,2159,128,128,17,145,0,false,gpu-a
A-uniform,fifo,performance,reserved,j0082,bob,small,50,1,2051,2051,2350,299,299,0,299,0,false,gpu-b
A-uniform,fifo,performance,reserved,j0083,bob,small,50,1,2087,2087,2275,188,188,0,188,0,false,gpu-a
A-uniform,fifo,performance,reserved,j0084,alice,small,50,1,2115,2115,2365,250,250,0,250,0,false,gpu-a
A-uniform,fifo,performance,reserved,j0085,bob,small,50,1,2131,2131,2262,131,131,0,131,0,false,gpu-a
A-uniform,fifo,performance,reserved,j0086,bob,small,50,1,2155,2155,2310,155,155,0,155,0,false,gpu-b
A-uniform,fifo,performance,reserved,j0087,bob,small,50,1,2174,2174,2452,278,278,0,278,0,false,gpu-a
A-uniform,fifo,performance,reserved,j0088,alice,small,50,1,2195,2195,2383,188,188,0,188,0,false,gpu-b
A-uniform,fifo,performance,reserved,j0089,bob,small,50,1,2243,2243,2366,123,123,0,123,0,false,gpu-b
A-uniform,fifo,performance,reserved,j0090,alice,small,50,1,2353,2353,2580,227,227,0,227,0,false,gpu-a
A-uniform,fifo,performance,reserved,j0091,alice,small,50,1,2378,2378,2619,241,241,0,241,0,false,gpu-a
A-uniform,fifo,performance,reserved,j0092,bob,small,50,1,2413,2413,2492,79,79,0,79,0,false,gpu-a
A-uniform,fifo,performance,reserved,j0093,alice,small,50,1,2429,2429,2589,160,160,0,160,0,false,gpu-b
A-uniform,fifo,performance,reserved,j0094,alice,small,50,1,2449,2449,2714,265,265,0,265,0,false,gpu-b
A-uniform,fifo,performance,reserved,j0095,alice,small,50,1,2480,2480,2736,256,256,0,256,0,false,gpu-a
A-uniform,fifo,performance,reserved,j0096,bob,small,50,1,2540,2540,2748,208,208,0,208,0,false,gpu-a
A-uniform,fifo,performance,reserved,j0097,alice,small,50,1,2553,2553,2680,127,127,0,127,0,false,gpu-b
A-uniform,fifo,performance,reserved,j0098,alice,small,50,1,2561,2561,2840,279,279,0,279,0,false,gpu-b
A-uniform,fifo,performance,reserved,j0099,bob,small,50,1,2593,2593,2788,195,195,0,195,0,false,gpu-a
A-uniform,fifo,performance,reserved,j0100,bob,small,50,1,2631,2631,2871,240,240,0,240,0,false,gpu-a
A-uniform,fifo,performance,reserved,j0101,alice,small,50,1,2644,2644,2729,85,85,0,85,0,false,gpu-b
A-uniform,fifo,performance,reserved,j0102,bob,small,50,1,2690,2690,2868,178,178,0,178,0,false,gpu-b
A-uniform,fifo,performance,reserved,j0103,bob,small,50,1,2703,2714,2869,155,155,11,166,0,false,gpu-b
A-uniform,fifo,performance,reserved,j0104,bob,small,50,1,2738,2738,2986,248,248,0,248,0,false,gpu-a
A-uniform,fifo,performance,reserved,j0105,alice,small,50,1,2740,2740,3011,271,271,0,271,0,false,gpu-b
A-uniform,fifo,performance,reserved,j0106,alice,small,50,1,2753,2753,2819,66,66,0,66,0,false,gpu-a
A-uniform,fifo,performance,reserved,j0107,alice,small,50,1,2756,2788,2891,103,103,32,135,0,false,gpu-a
A-uniform,fifo,performance,reserved,j0108,bob,small,50,1,2759,2819,2993,174,174,60,234,0,false,gpu-a
A-uniform,fifo,performance,reserved,j0109,alice,small,50,1,2784,2840,2931,91,91,56,147,0,false,gpu-b
A-uniform,fifo,performance,reserved,j0110,alice,small,50,1,2798,2868,2981,113,113,70,183,0,false,gpu-b
A-uniform,fifo,performance,reserved,j0111,alice,small,50,1,2809,2869,2973,104,104,60,164,0,false,gpu-b
A-uniform,fifo,performance,reserved,j0112,bob,small,50,1,2820,2871,3028,157,157,51,208,0,false,gpu-a
A-uniform,fifo,performance,reserved,j0113,bob,small,50,1,2854,2891,3117,226,226,37,263,0,false,gpu-a
A-uniform,fifo,performance,reserved,j0114,bob,small,50,1,2888,2931,3142,211,211,43,254,0,false,gpu-b
A-uniform,fifo,performance,reserved,j0115,alice,small,50,1,2893,2973,3259,286,286,80,366,0,false,gpu-b
A-uniform,fifo,performance,reserved,j0116,bob,small,50,1,2938,2981,3171,190,190,43,233,0,false,gpu-b
A-uniform,fifo,performance,reserved,j0117,bob,small,50,1,2942,2986,3095,109,109,44,153,0,false,gpu-a
A-uniform,fifo,performance,reserved,j0118,bob,small,50,1,2944,2993,3188,195,195,49,244,0,false,gpu-a
A-uniform,fifo,performance,reserved,j0119,bob,small,50,1,2956,3011,3256,245,245,55,300,0,false,gpu-b
A-uniform,fifo,performance,reserved,j0120,bob,small,50,1,3073,3073,3355,282,282,0,282,0,false,gpu-a
A-uniform,fifo,performance,reserved,j0121,alice,small,50,1,3081,3095,3288,193,193,14,207,0,false,gpu-a
A-uniform,fifo,performance,reserved,j0122,bob,small,50,1,3092,3117,3275,158,158,25,183,0,false,gpu-a
A-uniform,fifo,performance,reserved,j0123,alice,small,50,1,3126,3142,3255,113,113,16,129,0,false,gpu-b
A-uniform,fifo,performance,reserved,j0124,bob,small,50,1,3153,3171,3412,241,241,18,259,0,false,gpu-b
A-uniform,fifo,performance,reserved,j0125,alice,small,50,1,3161,3188,3347,159,159,27,186,0,false,gpu-a
A-uniform,fifo,performance,reserved,j0126,alice,small,50,1,3195,3255,3349,94,94,60,154,0,false,gpu-b
A-uniform,fifo,performance,reserved,j0127,alice,small,50,1,3209,3256,3340,84,84,47,131,0,false,gpu-b
A-uniform,fifo,performance,reserved,j0128,bob,small,50,1,3215,3259,3431,172,172,44,216,0,false,gpu-b
A-uniform,fifo,performance,reserved,j0129,bob,small,50,1,3225,3275,3537,262,262,50,312,0,false,gpu-a
A-uniform,fifo,performance,reserved,j0130,alice,small,50,1,3228,3288,3483,195,195,60,255,0,false,gpu-a
A-uniform,fifo,performance,reserved,j0131,bob,small,50,1,3235,3340,3564,224,224,105,329,0,false,gpu-b
A-uniform,fifo,performance,reserved,j0132,alice,small,50,1,3236,3347,3613,266,266,111,377,0,false,gpu-a
A-uniform,fifo,performance,reserved,j0133,bob,small,50,1,3239,3349,3547,198,198,110,308,0,false,gpu-b
A-uniform,fifo,performance,reserved,j0134,bob,small,50,1,3288,3355,3653,298,298,67,365,0,false,gpu-a
A-uniform,fifo,performance,reserved,j0135,bob,small,50,1,3319,3412,3631,219,219,93,312,0,false,gpu-b
A-uniform,fifo,performance,reserved,j0136,bob,small,50,1,3327,3431,3520,89,89,104,193,0,false,gpu-b
A-uniform,fifo,performance,reserved,j0137,bob,small,50,1,3332,3483,3595,112,112,151,263,0,false,gpu-a
A-uniform,fifo,performance,reserved,j0138,alice,small,50,1,3342,3520,3614,94,94,178,272,0,false,gpu-b
A-uniform,fifo,performance,reserved,j0139,alice,small,50,1,3342,3537,3836,299,299,195,494,0,false,gpu-a
A-uniform,fifo,performance,reserved,j0140,bob,small,50,1,3360,3547,3714,167,167,187,354,0,false,gpu-b
A-uniform,fifo,performance,reserved,j0141,alice,small,50,1,3377,3564,3773,209,209,187,396,0,false,gpu-b
A-uniform,fifo,performance,reserved,j0142,alice,small,50,1,3379,3595,3842,247,247,216,463,0,false,gpu-a
A-uniform,fifo,performance,reserved,j0143,bob,small,50,1,3393,3613,3727,114,114,220,334,0,false,gpu-a
A-uniform,fifo,performance,reserved,j0144,bob,small,50,1,3508,3614,3835,221,221,106,327,0,false,gpu-b
A-uniform,fifo,performance,reserved,j0145,bob,small,50,1,3519,3631,3859,228,228,112,340,0,false,gpu-b
A-uniform,fifo,performance,reserved,j0146,bob,small,50,1,3526,3653,3801,148,148,127,275,0,false,gpu-a
A-uniform,fifo,performance,reserved,j0147,bob,small,50,1,3528,3714,3951,237,237,186,423,0,false,gpu-b
A-uniform,fifo,performance,reserved,j0148,bob,small,50,1,3575,3727,3838,111,111,152,263,0,false,gpu-a
A-uniform,fifo,performance,reserved,j0149,alice,small,50,1,3582,3773,3917,144,144,191,335,0,false,gpu-b
A-uniform,fifo,performance,reserved,j0150,bob,small,50,1,3626,3801,3891,90,90,175,265,0,false,gpu-a
A-uniform,fifo,performance,reserved,j0151,alice,small,50,1,3643,3835,4091,256,256,192,448,0,false,gpu-b
A-uniform,fifo,performance,reserved,j0152,bob,small,50,1,3706,3836,4075,239,239,130,369,0,false,gpu-a
A-uniform,fifo,performance,reserved,j0153,bob,small,50,1,3727,3838,4110,272,272,111,383,0,false,gpu-a
A-uniform,fifo,performance,reserved,j0154,alice,small,50,1,3740,3842,4021,179,179,102,281,0,false,gpu-a
A-uniform,fifo,performance,reserved,j0155,alice,small,50,1,3769,3859,3993,134,134,90,224,0,false,gpu-b
A-uniform,fifo,performance,reserved,j0156,bob,small,50,1,3786,3891,4150,259,259,105,364,0,false,gpu-a
A-uniform,fifo,performance,reserved,j0157,alice,small,50,1,3791,3917,4119,202,202,126,328,0,false,gpu-b
A-uniform,fifo,performance,reserved,j0158,alice,small,50,1,3802,3951,4157,206,206,149,355,0,false,gpu-b
A-uniform,fifo,performance,reserved,j0159,alice,small,50,1,3829,3993,4099,106,106,164,270,0,false,gpu-b
A-uniform,fifo,performance,reserved,j0160,bob,small,50,1,3855,4021,4241,220,220,166,386,0,false,gpu-a
A-uniform,fifo,performance,reserved,j0161,alice,small,50,1,3894,4075,4286,211,211,181,392,0,false,gpu-a
A-uniform,fifo,performance,reserved,j0162,bob,small,50,1,3921,4091,4297,206,206,170,376,0,false,gpu-b
A-uniform,fifo,performance,reserved,j0163,alice,small,50,1,3949,4099,4188,89,89,150,239,0,false,gpu-b
A-uniform,fifo,performance,reserved,j0164,alice,small,50,1,3974,4110,4194,84,84,136,220,0,false,gpu-a
A-uniform,fifo,performance,reserved,j0165,bob,small,50,1,4014,4119,4397,278,278,105,383,0,false,gpu-b
A-uniform,fifo,performance,reserved,j0166,bob,small,50,1,4017,4150,4274,124,124,133,257,0,false,gpu-a
A-uniform,fifo,performance,reserved,j0167,alice,small,50,1,4021,4157,4249,92,92,136,228,0,false,gpu-b
A-uniform,fifo,performance,reserved,j0168,bob,small,50,1,4029,4188,4267,79,79,159,238,0,false,gpu-b
A-uniform,fifo,performance,reserved,j0169,alice,small,50,1,4038,4194,4289,95,95,156,251,0,false,gpu-a
A-uniform,fifo,performance,reserved,j0170,bob,small,50,1,4045,4241,4304,63,63,196,259,0,false,gpu-a
A-uniform,fifo,performance,reserved,j0171,bob,small,50,1,4073,4249,4508,259,259,176,435,0,false,gpu-b
A-uniform,fifo,performance,reserved,j0172,alice,small,50,1,4114,4267,4395,128,128,153,281,0,false,gpu-b
A-uniform,fifo,performance,reserved,j0173,bob,small,50,1,4135,4274,4561,287,287,139,426,0,false,gpu-a
A-uniform,fifo,performance,reserved,j0174,bob,small,50,1,4171,4286,4415,129,129,115,244,0,false,gpu-a
A-uniform,fifo,performance,reserved,j0175,alice,small,50,1,4190,4289,4440,151,151,99,250,0,false,gpu-a
A-uniform,fifo,performance,reserved,j0176,bob,small,50,1,4200,4297,4565,268,268,97,365,0,false,gpu-b
A-uniform,fifo,performance,reserved,j0177,alice,small,50,1,4222,4304,4397,93,93,82,175,0,false,gpu-a
A-uniform,fifo,performance,reserved,j0178,alice,small,50,1,4224,4395,4583,188,188,171,359,0,false,gpu-b
A-uniform,fifo,performance,reserved,j0179,alice,small,50,1,4304,4397,4471,74,74,93,167,0,false,gpu-a
A-uniform,fifo,performance,reserved,j0180,alice,small,50,1,4308,4397,4484,87,87,89,176,0,false,gpu-b
A-uniform,fifo,performance,reserved,j0181,alice,small,50,1,4324,4415,4694,279,279,91,370,0,false,gpu-a
A-uniform,fifo,performance,reserved,j0182,bob,small,50,1,4352,4440,4734,294,294,88,382,0,false,gpu-a
A-uniform,fifo,performance,reserved,j0183,bob,small,50,1,4356,4471,4651,180,180,115,295,0,false,gpu-a
A-uniform,fifo,performance,reserved,j0184,alice,small,50,1,4358,4484,4701,217,217,126,343,0,false,gpu-b
A-uniform,fifo,performance,reserved,j0185,bob,small,50,1,4360,4508,4754,246,246,148,394,0,false,gpu-b
A-uniform,fifo,performance,reserved,j0186,alice,small,50,1,4398,4561,4751,190,190,163,353,0,false,gpu-a
A-uniform,fifo,performance,reserved,j0187,alice,small,50,1,4478,4565,4805,240,240,87,327,0,false,gpu-b
A-uniform,fifo,performance,reserved,j0188,alice,small,50,1,4516,4583,4690,107,107,67,174,0,false,gpu-b
A-uniform,fifo,performance,reserved,j0189,alice,small,50,1,4529,4651,4776,125,125,122,247,0,false,gpu-a
A-uniform,fifo,performance,reserved,j0190,alice,small,50,1,4546,4690,4920,230,230,144,374,0,false,gpu-b
A-uniform,fifo,performance,reserved,j0191,bob,small,50,1,4557,4694,4823,129,129,137,266,0,false,gpu-a
A-uniform,fifo,performance,reserved,j0192,bob,small,50,1,4618,4701,4862,161,161,83,244,0,false,gpu-b
A-uniform,fifo,performance,reserved,j0193,alice,small,50,1,4661,4734,4879,145,145,73,218,0,false,gpu-a
A-uniform,fifo,performance,reserved,j0194,bob,small,50,1,4662,4751,4912,161,161,89,250,0,false,gpu-a
A-uniform,fifo,performance,reserved,j0195,bob,small,50,1,4662,4754,4984,230,230,92,322,0,false,gpu-b
A-uniform,fifo,performance,reserved,j0196,alice,small,50,1,4710,4776,5076,300,300,66,366,0,false,gpu-a
A-uniform,fifo,performance,reserved,j0197,alice,small,50,1,4733,4805,4923,118,118,72,190,0,false,gpu-b
A-uniform,fifo,performance,reserved,j0198,bob,small,50,1,4734,4823,4905,82,82,89,171,0,false,gpu-a
A-uniform,fifo,performance,reserved,j0199,alice,small,50,1,4758,4862,5014,152,152,104,256,0,false,gpu-b
D-large-and-small,fifo,performance,opportunistic,j0000,alice,small,50,1,24,24,164,140,140,0,140,0,false,gpu-a
D-large-and-small,fifo,performance,opportunistic,j0001,bob,distributed,50,4,59,59,1213,1154,1154,0,1154,0,false,gpu-a gpu-b
D-large-and-small,fifo,performance,opportunistic,j0002,bob,small,50,1,60,60,223,163,163,0,163,0,false,gpu-a
D-large-and-small,fifo,performance,opportunistic,j0003,alice,distributed,50,4,150,1213,2271,1058,1058,1063,2121,39,false,gpu-a gpu-b
D-large-and-small,fifo,performance,opportunistic,j0004,alice,small,50,1,166,166,311,145,145,0,145,0,false,gpu-a
D-large-and-small,fifo,performance,opportunistic,j0005,alice,small,50,1,169,169,291,122,122,0,122,0,false,gpu-b
D-large-and-small,fifo,performance,opportunistic,j0006,alice,small,50,1,173,173,251,78,78,0,78,0,false,gpu-b
D-large-and-small,fifo,performance,opportunistic,j0007,alice,small,50,1,189,223,347,124,124,34,158,0,false,gpu-a
D-large-and-small,fifo,performance,opportunistic,j0008,bob,small,50,1,201,251,337,86,86,50,136,0,false,gpu-b
D-large-and-small,fifo,performance,opportunistic,j0009,bob,small,50,1,222,291,408,117,117,69,186,0,false,gpu-b
D-large-and-small,fifo,performance,opportunistic,j0010,bob,small,50,1,225,311,392,81,81,86,167,0,false,gpu-a
D-large-and-small,fifo,performance,opportunistic,j0011,alice,small,50,1,238,337,494,157,157,99,256,0,false,gpu-b
D-large-and-small,fifo,performance,opportunistic,j0012,bob,small,50,1,239,347,469,122,122,108,230,0,false,gpu-a
D-large-and-small,fifo,performance,opportunistic,j0013,alice,small,50,1,244,392,555,163,163,148,311,0,false,gpu-a
D-large-and-small,fifo,performance,opportunistic,j0014,alice,small,50,1,269,408,508,100,100,139,239,0,false,gpu-b
D-large-and-small,fifo,performance,opportunistic,j0015,alice,small,50,1,302,469,613,144,144,167,311,0,false,gpu-a
D-large-and-small,fifo,performance,opportunistic,j0016,alice,small,50,1,308,494,619,125,125,186,311,0,false,gpu-b
D-large-and-small,fifo,performance,opportunistic,j0017,alice,distributed,50,4,327,2271,2909,638,638,1944,2582,61,false,gpu-a gpu-b
D-large-and-small,fifo,performance,opportunistic,j0018,alice,small,50,1,367,508,667,159,159,141,300,0,false,gpu-b
D-large-and-small,fifo,performance,opportunistic,j0019,alice,distributed,50,4,388,2909,3895,986,986,2521,3507,84,false,gpu-a gpu-b
D-large-and-small,fifo,performance,opportunistic,j0020,bob,small,50,1,438,555,713,158,158,117,275,0,false,gpu-a
D-large-and-small,fifo,performance,opportunistic,j0021,bob,small,50,1,443,613,728,115,115,170,285,0,false,gpu-a
D-large-and-small,fifo,performance,opportunistic,j0022,bob,small,50,1,487,619,716,97,97,132,229,0,false,gpu-b
D-large-and-small,fifo,performance,opportunistic,j0023,bob,small,50,1,492,667,812,145,145,175,320,0,false,gpu-b
D-large-and-small,fifo,performance,opportunistic,j0024,bob,small,50,1,591,713,784,71,71,122,193,0,false,gpu-a
D-large-and-small,fifo,performance,opportunistic,j0025,bob,small,50,1,595,716,800,84,84,121,205,0,false,gpu-b
D-large-and-small,fifo,performance,opportunistic,j0026,bob,distributed,50,4,618,3895,5039,1144,1144,3277,4421,108,false,gpu-a gpu-b
D-large-and-small,fifo,performance,opportunistic,j0027,alice,small,50,1,619,728,902,174,174,109,283,0,false,gpu-a
D-large-and-small,fifo,performance,opportunistic,j0028,alice,distributed,50,4,633,5039,5865,826,826,4406,5232,141,false,gpu-a gpu-b
D-large-and-small,fifo,performance,opportunistic,j0029,alice,small,50,1,699,784,879,95,95,85,180,0,false,gpu-a
D-large-and-small,fifo,performance,opportunistic,j0030,bob,small,50,1,730,800,943,143,143,70,213,0,false,gpu-b
D-large-and-small,fifo,performance,opportunistic,j0031,bob,small,50,1,777,812,927,115,115,35,150,0,false,gpu-b
D-large-and-small,fifo,performance,opportunistic,j0032,alice,small,50,1,836,879,966,87,87,43,130,0,false,gpu-a
D-large-and-small,fifo,performance,opportunistic,j0033,bob,small,50,1,838,902,966,64,64,64,128,0,false,gpu-a
D-large-and-small,fifo,performance,opportunistic,j0034,bob,small,50,1,843,927,1008,81,81,84,165,0,false,gpu-b
D-large-and-small,fifo,performance,opportunistic,j0035,alice,small,50,1,868,943,1005,62,62,75,137,0,false,gpu-b
D-large-and-small,fifo,performance,opportunistic,j0036,bob,small,50,1,891,966,1046,80,80,75,155,0,false,gpu-a
D-large-and-small,fifo,performance,opportunistic,j0037,alice,small,50,1,898,966,1048,82,82,68,150,0,false,gpu-a
D-large-and-small,fifo,performance,opportunistic,j0038,bob,small,50,1,909,1005,1138,133,133,96,229,0,false,gpu-b
D-large-and-small,fifo,performance,opportunistic,j0039,alice,small,50,1,922,1008,1122,114,114,86,200,0,false,gpu-b
D-large-and-small,fifo,performance,opportunistic,j0040,alice,small,50,1,960,1046,1212,166,166,86,252,0,false,gpu-a
D-large-and-small,fifo,performance,opportunistic,j0041,bob,small,50,1,1050,1050,1214,164,164,0,164,0,false,gpu-a
D-large-and-small,fifo,performance,opportunistic,j0042,bob,small,50,1,1053,1122,1199,77,77,69,146,0,false,gpu-b
D-large-and-small,fifo,performance,opportunistic,j0043,alice,small,50,1,1062,1138,1200,62,62,76,138,0,false,gpu-b
D-large-and-small,fifo,performance,opportunistic,j0044,bob,small,50,1,1064,1199,1314,115,115,135,250,0,false,gpu-b
D-large-and-small,fifo,performance,opportunistic,j0045,bob,small,50,1,1093,1200,1312,112,112,107,219,0,false,gpu-b
D-large-and-small,fifo,performance,opportunistic,j0046,bob,small,50,1,1102,1212,1374,162,162,110,272,0,false,gpu-a
D-large-and-small,fifo,performance,opportunistic,j0047,bob,small,50,1,1136,1214,1281,67,67,78,145,0,false,gpu-a
D-large-and-small,fifo,performance,opportunistic,j0048,bob,small,50,1,1174,1281,1458,177,177,107,284,0,false,gpu-a
D-large-and-small,fifo,performance,opportunistic,j0049,bob,distributed,50,4,1205,5051,5696,645,645,3846,4491,121,false,gpu-a gpu-b
D-large-and-small,fifo,performance,opportunistic,j0050,bob,distributed,50,4,1206,5696,6474,778,778,4490,5268,121,false,gpu-a gpu-b
D-large-and-small,fifo,performance,opportunistic,j0051,alice,small,50,1,1207,1312,1449,137,137,105,242,0,false,gpu-b
D-large-and-small,fifo,performance,opportunistic,j0052,bob,small,50,1,1211,1314,1374,60,60,103,163,0,false,gpu-b
D-large-and-small,fifo,performance,opportunistic,j0053,bob,small,50,1,1232,1374,1448,74,74,142,216,0,false,gpu-a
D-large-and-small,fifo,performance,opportunistic,j0054,alice,small,50,1,1255,1374,1443,69,69,119,188,0,false,gpu-b
D-large-and-small,fifo,performance,opportunistic,j0055,bob,small,50,1,1270,1443,1587,144,144,173,317,0,false,gpu-b
D-large-and-small,fifo,performance,opportunistic,j0056,bob,small,50,1,1282,1448,1614,166,166,166,332,0,false,gpu-a
D-large-and-small,fifo,performance,opportunistic,j0057,bob,small,50,1,1319,1449,1615,166,166,130,296,0,false,gpu-b
D-large-and-small,fifo,performance,opportunistic,j0058,bob,small,50,1,1329,1458,1545,87,87,129,216,0,false,gpu-a
D-large-and-small,fifo,performance,opportunistic,j0059,alice,distributed,50,4,1356,5865,7045,1180,1180,4509,5689,113,false,gpu-a gpu-b
D-large-and-small,fifo,performance,opportunistic,j0060,bob,small,50,1,1364,1545,1671,126,126,181,307,0,false,gpu-a
D-large-and-small,fifo,performance,opportunistic,j0061,bob,distributed,50,4,1392,6474,7384,910,910,5082,5992,111,false,gpu-a gpu-b
D-large-and-small,fifo,performance,opportunistic,j0062,alice,small,50,1,1392,1587,1697,110,110,195,305,0,false,gpu-b
D-large-and-small,fifo,performance,opportunistic,j0063,bob,small,50,1,1473,1614,1737,123,123,141,264,0,false,gpu-a
D-large-and-small,fifo,performance,opportunistic,j0064,alice,small,50,1,1489,1615,1795,180,180,126,306,0,false,gpu-b
D-large-and-small,fifo,performance,opportunistic,j0065,alice,small,50,1,1545,1671,1789,118,118,126,244,0,false,gpu-a
D-large-and-small,fifo,performance,opportunistic,j0066,bob,small,50,1,1553,1697,1838,141,141,144,285,0,false,gpu-b
D-large-and-small,fifo,performance,opportunistic,j0067,bob,small,50,1,1573,1737,1809,72,72,164,236,0,false,gpu-a
D-large-and-small,fifo,performance,opportunistic,j0068,bob,distributed,50,4,1607,7045,7962,917,917,5438,6355,106,false,gpu-a gpu-b
D-large-and-small,fifo,performance,opportunistic,j0069,alice,small,50,1,1611,1789,1870,81,81,178,259,0,false,gpu-a
D-large-and-small,fifo,performance,opportunistic,j0070,alice,small,50,1,1631,1795,1890,95,95,164,259,0,false,gpu-b
D-large-and-small,fifo,performance,opportunistic,j0071,alice,small,50,1,1653,1809,1872,63,63,156,219,0,false,gpu-a
D-large-and-small,fifo,performance,opportunistic,j0072,alice,small,50,1,1672,1838,1939,101,101,166,267,0,false,gpu-b
D-large-and-small,fifo,performance,opportunistic,j0073,bob,distributed,50,4,1681,7384,8193,809,809,5703,6512,102,false,gpu-a gpu-b
D-large-and-small,fifo,performance,opportunistic,j0074,alice,distributed,50,4,1686,7962,8646,684,684,6276,6960,102,false,gpu-a gpu-b
D-large-and-small,fifo,performance,opportunistic,j0075,alice,small,50,1,1692,1870,2007,137,137,178,315,0,false,gpu-a
D-large-and-small,fifo,performance,opportunistic,j0076,bob,small,50,1,1708,1872,2048,176,176,164,340,0,false,gpu-a
D-large-and-small,fifo,performance,opportunistic,j0077,alice,small,50,1,1714,1890,2053,163,163,176,339,0,false,gpu-b
D-large-and-small,fifo,performance,opportunistic,j0078,alice,small,50,1,1717,1939,2055,116,116,222,338,0,false,gpu-b
D-large-and-small,fifo,performance,opportunistic,j0079,alice,small,50,1,1725,2007,2070,63,63,282,345,0,false,gpu-a
D-large-and-small,fifo,performance,opportunistic,j0080,alice,small,50,1,1735,2048,2204,156,156,313,469,0,false,gpu-a
D-large-and-small,fifo,performance,opportunistic,j0081,alice,small,50,1,1769,2053,2141,88,88,284,372,0,false,gpu-b
D-large-and-small,fifo,performance,opportunistic,j0082,alice,small,50,1,1842,2055,2131,76,76,213,289,0,false,gpu-b
D-large-and-small,fifo,performance,opportunistic,j0083,bob,small,50,1,1880,2070,2167,97,97,190,287,0,false,gpu-a
D-large-and-small,fifo,performance,opportunistic,j0084,bob,small,50,1,1931,2131,2274,143,143,200,343,0,false,gpu-b
D-large-and-small,fifo,performance,opportunistic,j0085,alice,small,50,1,1971,2141,2302,161,161,170,331,0,false,gpu-b
D-large-and-small,fifo,performance,opportunistic,j0086,alice,distributed,50,4,1978,8193,9240,1047,1047,6215,7262,91,false,gpu-a gpu-b
D-large-and-small,fifo,performance,opportunistic,j0087,alice,small,50,1,1982,2167,2269,102,102,185,287,0,false,gpu-a
D-large-and-small,fifo,performance,opportunistic,j0088,bob,distributed,50,4,1994,8646,9828,1182,1182,6652,7834,90,false,gpu-a gpu-b
D-large-and-small,fifo,performance,opportunistic,j0089,alice,small,50,1,1998,2204,2373,169,169,206,375,0,false,gpu-a
D-large-and-small,fifo,performance,opportunistic,j0090,bob,small,50,1,2005,2269,2387,118,118,264,382,0,false,gpu-a
D-large-and-small,fifo,performance,opportunistic,j0091,alice,distributed,50,4,2055,9240,9914,674,674,7185,7859,88,false,gpu-a gpu-b
D-large-and-small,fifo,performance,opportunistic,j0092,alice,distributed,50,4,2069,9828,10637,809,809,7759,8568,88,false,gpu-a gpu-b
D-large-and-small,fifo,performance,opportunistic,j0093,alice,small,50,1,2088,2274,2418,144,144,186,330,0,false,gpu-b
D-large-and-small,fifo,performance,opportunistic,j0094,alice,small,50,1,2114,2302,2372,70,70,188,258,0,false,gpu-b
D-large-and-small,fifo,performance,opportunistic,j0095,bob,distributed,50,4,2127,9914,10819,905,905,7787,8692,86,false,gpu-a gpu-b
D-large-and-small,fifo,performance,opportunistic,j0096,bob,small,50,1,2153,2372,2497,125,125,219,344,0,false,gpu-b
D-large-and-small,fifo,performance,opportunistic,j0097,bob,small,50,1,2206,2373,2517,144,144,167,311,0,false,gpu-a
D-large-and-small,fifo,performance,opportunistic,j0098,bob,small,50,1,2220,2387,2465,78,78,167,245,0,false,gpu-a
D-large-and-small,fifo,performance,opportunistic,j0099,bob,small,50,1,2220,2418,2478,60,60,198,258,0,false,gpu-b
D-large-and-small,fifo,performance,opportunistic,j0100,bob,small,50,1,2237,2465,2596,131,131,228,359,0,false,gpu-a
D-large-and-small,fifo,performance,opportunistic,j0101,alice,small,50,1,2269,2478,2626,148,148,209,357,0,false,gpu-b
D-large-and-small,fifo,performance,opportunistic,j0102,alice,small,50,1,2275,2497,2577,80,80,222,302,0,false,gpu-b
D-large-and-small,fifo,performance,opportunistic,j0103,bob,small,50,1,2335,2517,2661,144,144,182,326,0,false,gpu-a
D-large-and-small,fifo,performance,opportunistic,j0104,alice,small,50,1,2343,2577,2723,146,146,234,380,0,false,gpu-b
D-large-and-small,fifo,performance,opportunistic,j0105,alice,distributed,50,4,2428,10637,11602,965,965,8209,9174,77,false,gpu-a gpu-b
D-large-and-small,fifo,performance,opportunistic,j0106,bob,small,50,1,2445,2596,2725,129,129,151,280,0,false,gpu-a
D-large-and-small,fifo,performance,opportunistic,j0107,alice,small,50,1,2452,2626,2710,84,84,174,258,0,false,gpu-b
D-large-and-small,fifo,performance,opportunistic,j0108,alice,small,50,1,2455,2661,2758,97,97,206,303,0,false,gpu-a
D-large-and-small,fifo,performance,opportunistic,j0109,alice,distributed,50,4,2472,10819,11758,939,939,8347,9286,74,false,gpu-a gpu-b
D-large-and-small,fifo,performance,opportunistic,j0110,bob,small,50,1,2485,2710,2794,84,84,225,309,0,false,gpu-b
D-large-and-small,fifo,performance,opportunistic,j0111,alice,small,50,1,2507,2723,2817,94,94,216,310,0,false,gpu-b
D-large-and-small,fifo,performance,opportunistic,j0112,alice,small,50,1,2556,2725,2860,135,135,169,304,0,false,gpu-a
D-large-and-small,fifo,performance,opportunistic,j0113,alice,distributed,50,4,2563,11602,12669,1067,1067,9039,10106,71,false,gpu-a gpu-b
D-large-and-small,fifo,performance,opportunistic,j0114,bob,distributed,50,4,2575,11758,12583,825,825,9183,10008,71,false,gpu-a gpu-b
D-large-and-small,fifo,performance,opportunistic,j0115,bob,small,50,1,2580,2758,2890,132,132,178,310,0,false,gpu-a
D-large-and-small,fifo,performance,opportunistic,j0116,alice,distributed,50,4,2677,12583,13317,734,734,9906,10640,70,false,gpu-a gpu-b
D-large-and-small,fifo,performance,opportunistic,j0117,bob,distributed,50,4,2759,12669,13647,978,978,9910,10888,70,false,gpu-a gpu-b
D-large-and-small,fifo,performance,opportunistic,j0118,alice,small,50,1,2786,2794,2854,60,60,8,68,0,false,gpu-b
D-large-and-small,fifo,performance,opportunistic,j0119,bob,small,50,1,2810,2817,2902,85,85,7,92,0,false,gpu-b
D-large-and-small,fifo,performance,opportunistic,j0120,bob,distributed,50,4,2810,13317,14421,1104,1104,10507,11611,68,false,gpu-a gpu-b
D-large-and-small,fifo,performance,opportunistic,j0121,alice,distributed,50,4,2846,13647,14381,734,734,10801,11535,68,false,gpu-a gpu-b
D-large-and-small,fifo,performance,opportunistic,j0122,alice,small,50,1,2860,2860,2982,122,122,0,122,0,false,gpu-a
D-large-and-small,fifo,performance,opportunistic,j0123,alice,small,50,1,2873,2873,3046,173,173,0,173,0,false,gpu-b
D-large-and-small,fifo,performance,opportunistic,j0124,bob,small,50,1,2890,2890,3007,117,117,0,117,0,false,gpu-a
D-large-and-small,fifo,performance,opportunistic,j0125,alice,small,50,1,2900,2902,2985,83,83,2,85,0,false,gpu-b
D-large-and-small,fifo,performance,opportunistic,j0126,alice,small,50,1,2916,2982,3102,120,120,66,186,0,false,gpu-a
D-large-and-small,fifo,performance,opportunistic,j0127,bob,small,50,1,2919,2985,3148,163,163,66,229,0,false,gpu-b
D-large-and-small,fifo,performance,opportunistic,j0128,alice,small,50,1,2923,3007,3159,152,152,84,236,0,false,gpu-a
D-large-and-small,fifo,performance,opportunistic,j0129,bob,small,50,1,2974,3046,3120,74,74,72,146,0,false,gpu-b
D-large-and-small,fifo,performance,opportunistic,j0130,bob,small,50,1,3028,3102,3271,169,169,74,243,0,false,gpu-a
D-large-and-small,fifo,performance,opportunistic,j0131,bob,small,50,1,3053,3120,3230,110,110,67,177,0,false,gpu-b
D-large-and-small,fifo,performance,opportunistic,j0132,bob,small,50,1,3199,3199,3317,118,118,0,118,0,false,gpu-a
D-large-and-small,fifo,performance,opportunistic,j0133,alice,small,50,1,3237,3237,3319,82,82,0,82,0,false,gpu-b
D-large-and-small,fifo,performance,opportunistic,j0134,alice,small,50,1,3253,3253,3393,140,140,0,140,0,false,gpu-b
D-large-and-small,fifo,performance,opportunistic,j0135,alice,distributed,50,4,3281,14381,15031,650,650,11100,11750,55,false,gpu-a gpu-b
D-large-and-small,fifo,performance,opportunistic,j0136,alice,small,50,1,3282,3282,3393,111,111,0,111,0,false,gpu-a
D-large-and-small,fifo,performance,opportunistic,j0137,bob,distributed,50,4,3333,14421,15252,831,831,11088,11919,54,false,gpu-a gpu-b
D-large-and-small,fifo,performance,opportunistic,j0138,alice,small,50,1,3358,3358,3418,60,60,0,60,0,false,gpu-a
D-large-and-small,fifo,performance,opportunistic,j0139,alice,small,50,1,3364,3364,3472,108,108,0,108,0,false,gpu-b
D-large-and-small,fifo,performance,opportunistic,j0140,alice,distributed,50,4,3368,15031,15787,756,756,11663,12419,52,false,gpu-a gpu-b
D-large-and-small,fifo,performance,opportunistic,j0141,bob,distributed,50,4,3371,15252,16201,949,949,11881,12830,52,false,gpu-a gpu-b
D-large-and-small,fifo,performance,opportunistic,j0142,bob,small,50,1,3400,3400,3576,176,176,0,176,0,false,gpu-a
D-large-and-small,fifo,performance,opportunistic,j0143,bob,small,50,1,3434,3434,3578,144,144,0,144,0,false,gpu-a
D-large-and-small,fifo,performance,opportunistic,j0144,alice,small,50,1,3445,3445,3612,167,167,0,167,0,false,gpu-b
D-large-and-small,fifo,performance,opportunistic,j0145,bob,small,50,1,3452,3472,3540,68,68,20,88,0,false,gpu-b
D-large-and-small,fifo,performance,opportunistic,j0146,alice,small,50,1,3468,3540,3697,157,157,72,229,0,false,gpu-b
D-large-and-small,fifo,performance,opportunistic,j0147,bob,small,50,1,3478,3576,3645,69,69,98,167,0,false,gpu-a
D-large-and-small,fifo,performance,opportunistic,j0148,bob,small,50,1,3481,3578,3728,150,150,97,247,0,false,gpu-a
D-large-and-small,fifo,performance,opportunistic,j0149,alice,small,50,1,3514,3612,3677,65,65,98,163,0,false,gpu-b
D-large-and-small,fifo,performance,opportunistic,j0150,alice,small,50,1,3521,3645,3819,174,174,124,298,0,false,gpu-a
D-large-and-small,fifo,performance,opportunistic,j0151,alice,small,50,1,3569,3677,3796,119,119,108,227,0,false,gpu-b
D-large-and-small,fifo,performance,opportunistic,j0152,alice,small,50,1,3601,3697,3789,92,92,96,188,0,false,gpu-b
D-large-and-small,fifo,performance,opportunistic,j0153,alice,small,50,1,3643,3728,3889,161,161,85,246,0,false,gpu-a
D-large-and-small,fifo,performance,opportunistic,j0154,alice,small,50,1,3645,3789,3877,88,88,144,232,0,false,gpu-b
D-large-and-small,fifo,performance,opportunistic,j0155,alice,small,50,1,3683,3796,3858,62,62,113,175,0,false,gpu-b
D-large-and-small,fifo,performance,opportunistic,j0156,alice,small,50,1,3695,3819,3953,134,134,124,258,0,false,gpu-a
D-large-and-small,fifo,performance,opportunistic,j0157,alice,small,50,1,3736,3858,4015,157,157,122,279,0,false,gpu-b
D-large-and-small,fifo,performance,opportunistic,j0158,bob,distributed,50,4,3737,15787,16547,760,760,12050,12810,36,false,gpu-a gpu-b
D-large-and-small,fifo,performance,opportunistic,j0159,bob,small,50,1,3750,3877,3981,104,104,127,231,0,false,gpu-b
D-large-and-small,fifo,performance,opportunistic,j0160,alice,small,50,1,3751,3889,3994,105,105,138,243,0,false,gpu-a
D-large-and-small,fifo,performance,opportunistic,j0161,alice,small,50,1,3756,3953,4124,171,171,197,368,0,false,gpu-a
D-large-and-small,fifo,performance,opportunistic,j0162,alice,small,50,1,3766,3981,4130,149,149,215,364,0,false,gpu-b
D-large-and-small,fifo,performance,opportunistic,j0163,bob,small,50,1,3772,3994,4138,144,144,222,366,0,false,gpu-a
D-large-and-small,fifo,performance,opportunistic,j0164,alice,small,50,1,3777,4015,4098,83,83,238,321,0,false,gpu-b
D-large-and-small,fifo,performance,opportunistic,j0165,bob,small,50,1,3813,4098,4171,73,73,285,358,0,false,gpu-b
D-large-and-small,fifo,performance,opportunistic,j0166,alice,small,50,1,3816,4124,4238,114,114,308,422,0,false,gpu-a
D-large-and-small,fifo,performance,opportunistic,j0167,bob,small,50,1,3816,4130,4305,175,175,314,489,0,false,gpu-b
D-large-and-small,fifo,performance,opportunistic,j0168,bob,distributed,50,4,3825,16201,17110,909,909,12376,13285,27,false,gpu-a gpu-b
D-large-and-small,fifo,performance,opportunistic,j0169,bob,small,50,1,3905,4138,4217,79,79,233,312,0,false,gpu-a
D-large-and-small,fifo,performance,opportunistic,j0170,bob,small,50,1,3909,4171,4323,152,152,262,414,0,false,gpu-b
D-large-and-small,fifo,performance,opportunistic,j0171,alice,small,50,1,3973,4217,4296,79,79,244,323,0,false,gpu-a
D-large-and-small,fifo,performance,opportunistic,j0172,bob,small,50,1,4001,4238,4364,126,126,237,363,0,false,gpu-a
D-large-and-small,fifo,performance,opportunistic,j0173,bob,distributed,50,4,4035,16547,17623,1076,1076,12512,13588,23,false,gpu-a gpu-b
D-large-and-small,fifo,performance,opportunistic,j0174,bob,small,50,1,4068,4296,4357,61,61,228,289,0,false,gpu-a
D-large-and-small,fifo,performance,opportunistic,j0175,bob,small,50,1,4072,4305,4467,162,162,233,395,0,false,gpu-b
D-large-and-small,fifo,performance,opportunistic,j0176,bob,small,50,1,4089,4323,4471,148,148,234,382,0,false,gpu-b
D-large-and-small,fifo,performance,opportunistic,j0177,alice,small,50,1,4105,4357,4457,100,100,252,352,0,false,gpu-a
D-large-and-small,fifo,performance,opportunistic,j0178,bob,small,50,1,4164,4364,4484,120,120,200,320,0,false,gpu-a
D-large-and-small,fifo,performance,opportunistic,j0179,alice,small,50,1,4190,4457,4557,100,100,267,367,0,false,gpu-a
D-large-and-small,fifo,performance,opportunistic,j0180,bob,small,50,1,4241,4467,4562,95,95,226,321,0,false,gpu-b
D-large-and-small,fifo,performance,opportunistic,j0181,bob,small,50,1,4250,4471,4555,84,84,221,305,0,false,gpu-b
D-large-and-small,fifo,performance,opportunistic,j0182,alice,distributed,50,4,4267,17110,18086,976,976,12843,13819,15,false,gpu-a gpu-b
D-large-and-small,fifo,performance,opportunistic,j0183,bob,small,50,1,4291,4484,4603,119,119,193,312,0,false,gpu-a
D-large-and-small,fifo,performance,opportunistic,j0184,bob,small,50,1,4320,4555,4634,79,79,235,314,0,false,gpu-b
D-large-and-small,fifo,performance,opportunistic,j0185,alice,small,50,1,4375,4557,4668,111,111,182,293,0,false,gpu-a
D-large-and-small,fifo,performance,opportunistic,j0186,alice,small,50,1,4391,4562,4622,60,60,171,231,0,false,gpu-b
D-large-and-small,fifo,performance,opportunistic,j0187,alice,distributed,50,4,4396,17623,18515,892,892,13227,14119,11,false,gpu-a gpu-b
D-large-and-small,fifo,performance,opportunistic,j0188,alice,small,50,1,4404,4603,4739,136,136,199,335,0,false,gpu-a
D-large-and-small,fifo,performance,opportunistic,j0189,alice,small,50,1,4417,4622,4792,170,170,205,375,0,false,gpu-b
D-large-and-small,fifo,performance,opportunistic,j0190,alice,small,50,1,4454,4634,4803,169,169,180,349,0,false,gpu-b
D-large-and-small,fifo,performance,opportunistic,j0191,bob,small,50,1,4460,4668,4788,120,120,208,328,0,false,gpu-a
D-large-and-small,fifo,performance,opportunistic,j0192,alice,small,50,1,4470,4739,4905,166,166,269,435,0,false,gpu-a
D-large-and-small,fifo,performance,opportunistic,j0193,bob,distributed,50,4,4482,18086,18939,853,853,13604,14457,6,false,gpu-a gpu-b
D-large-and-small,fifo,performance,opportunistic,j0194,alice,small,50,1,4494,4788,4896,108,108,294,402,0,false,gpu-a
D-large-and-small,fifo,performance,opportunistic,j0195,bob,small,50,1,4499,4792,4881,89,89,293,382,0,false,gpu-b
D-large-and-small,fifo,performance,opportunistic,j0196,alice,small,50,1,4504,4803,4892,89,89,299,388,0,false,gpu-b
D-large-and-small,fifo,performance,opportunistic,j0197,alice,small,50,1,4563,4881,4946,65,65,318,383,0,false,gpu-b
D-large-and-small,fifo,performance,opportunistic,j0198,alice,small,50,1,4586,4892,5051,159,159,306,465,0,false,gpu-b
D-large-and-small,fifo,performance,opportunistic,j0199,alice,small,50,1,4613,4896,4975,79,79,283,362,0,false,gpu-a
D-large-and-small,fifo,performance,strict,j0000,alice,small,50,1,24,24,164,140,140,0,140,0,false,gpu-a
D-large-and-small,fifo,performance,strict,j0001,bob,distributed,50,4,59,59,1213,1154,1154,0,1154,0,false,gpu-a gpu-b
D-large-and-small,fifo,performance,strict,j0002,bob,small,50,1,60,60,223,163,163,0,163,0,false,gpu-a
D-large-and-small,fifo,performance,strict,j0003,alice,distributed,50,4,150,223,1281,1058,1058,73,1131,0,false,gpu-a gpu-b
D-large-and-small,fifo,performance,strict,j0004,alice,small,50,1,166,1213,1358,145,145,1047,1192,0,false,gpu-a
D-large-and-small,fifo,performance,strict,j0005,alice,small,50,1,169,1213,1335,122,122,1044,1166,0,false,gpu-a
D-large-and-small,fifo,performance,strict,j0006,alice,small,50,1,173,1213,1291,78,78,1040,1118,0,false,gpu-b
D-large-and-small,fifo,performance,strict,j0007,alice,small,50,1,189,1213,1337,124,124,1024,1148,0,false,gpu-b
D-large-and-small,fifo,performance,strict,j0008,bob,small,50,1,201,1281,1367,86,86,1080,1166,0,false,gpu-a
D-large-and-small,fifo,performance,strict,j0009,bob,small,50,1,222,1281,1398,117,117,1059,1176,0,false,gpu-a
D-large-and-small,fifo,performance,strict,j0010,bob,small,50,1,225,1281,1362,81,81,1056,1137,0,false,gpu-b
D-large-and-small,fifo,performance,strict,j0011,alice,small,50,1,238,1281,1438,157,157,1043,1200,0,false,gpu-b
D-large-and-small,fifo,performance,strict,j0012,bob,small,50,1,239,1291,1413,122,122,1052,1174,0,false,gpu-b
D-large-and-small,fifo,performance,strict,j0013,alice,small,50,1,244,1335,1498,163,163,1091,1254,0,false,gpu-a
D-large-and-small,fifo,performance,strict,j0014,alice,small,50,1,269,1337,1437,100,100,1068,1168,0,false,gpu-b
D-large-and-small,fifo,performance,strict,j0015,alice,small,50,1,302,1358,1502,144,144,1056,1200,0,false,gpu-a
D-large-and-small,fifo,performance,strict,j0016,alice,small,50,1,308,1362,1487,125,125,1054,1179,0,false,gpu-b
D-large-and-small,fifo,performance,strict,j0017,alice,distributed,50,4,327,1437,2075,638,638,1110,1748,0,false,gpu-a gpu-b
D-large-and-small,fifo,performance,strict,j0018,alice,small,50,1,367,1438,1597,159,159,1071,1230,0,false,gpu-b
D-large-and-small,fifo,performance,strict,j0019,alice,distributed,50,4,388,1597,2583,986,986,1209,2195,0,false,gpu-a gpu-b
D-large-and-small,fifo,performance,strict,j0020,bob,small,50,1,438,2075,2233,158,158,1637,1795,0,false,gpu-a
D-large-and-small,fifo,performance,strict,j0021,bob,small,50,1,443,2075,2190,115,115,1632,1747,0,false,gpu-a
D-large-and-small,fifo,performance,strict,j0022,bob,small,50,1,487,2075,2172,97,97,1588,1685,0,false,gpu-b
D-large-and-small,fifo,performance,strict,j0023,bob,small,50,1,492,2075,2220,145,145,1583,1728,0,false,gpu-b
D-large-and-small,fifo,performance,strict,j0024,bob,small,50,1,591,2172,2243,71,71,1581,1652,0,false,gpu-b
D-large-and-small,fifo,performance,strict,j0025,bob,small,50,1,595,2190,2274,84,84,1595,1679,0,false,gpu-a
D-large-and-small,fifo,performance,strict,j0026,bob,distributed,50,4,618,2274,3418,1144,1144,1656,2800,0,false,gpu-a gpu-b
D-large-and-small,fifo,performance,strict,j0027,alice,small,50,1,619,2583,2757,174,174,1964,2138,0,false,gpu-a
D-large-and-small,fifo,performance,strict,j0028,alice,distributed,50,4,633,2757,3583,826,826,2124,2950,0,false,gpu-a gpu-b
D-large-and-small,fifo,performance,strict,j0029,alice,small,50,1,699,3418,3513,95,95,2719,2814,0,false,gpu-a
D-large-and-small,fifo,performance,strict,j0030,bob,small,50,1,730,3418,3561,143,143,2688,2831,0,false,gpu-a
D-large-and-small,fifo,performance,strict,j0031,bob,small,50,1,777,3418,3533,115,115,2641,2756,0,false,gpu-b
D-large-and-small,fifo,performance,strict,j0032,alice,small,50,1,836,3418,3505,87,87,2582,2669,0,false,gpu-b
D-large-and-small,fifo,performance,strict,j0033,bob,small,50,1,838,3505,3569,64,64,2667,2731,0,false,gpu-b
D-large-and-small,fifo,performance,strict,j0034,bob,small,50,1,843,3513,3594,81,81,2670,2751,0,false,gpu-a
D-large-and-small,fifo,performance,strict,j0035,alice,small,50,1,868,3533,3595,62,62,2665,2727,0,false,gpu-b
D-large-and-small,fifo,performance,strict,j0036,bob,small,50,1,891,3561,3641,80,80,2670,2750,0,false,gpu-a
D-large-and-small,fifo,performance,strict,j0037,alice,small,50,1,898,3569,3651,82,82,2671,2753,0,false,gpu-b
D-large-and-small,fifo,performance,strict,j0038,bob,small,50,1,909,3583,3716,133,133,2674,2807,0,false,gpu-a
D-large-and-small,fifo,performance,strict,j0039,alice,small,50,1,922,3583,3697,114,114,2661,2775,0,false,gpu-a
D-large-and-small,fifo,performance,strict,j0040,alice,small,50,1,960,3583,3749,166,166,2623,2789,0,false,gpu-b
D-large-and-small,fifo,performance,strict,j0041,bob,small,50,1,1050,3583,3747,164,164,2533,2697,0,false,gpu-b
D-large-and-small,fifo,performance,strict,j0042,bob,small,50,1,1053,3594,3671,77,77,2541,2618,0,false,gpu-a
D-large-and-small,fifo,performance,strict,j0043,alice,small,50,1,1062,3595,3657,62,62,2533,2595,0,false,gpu-b
D-large-and-small,fifo,performance,strict,j0044,bob,small,50,1,1064,3641,3756,115,115,2577,2692,0,false,gpu-a
D-large-and-small,fifo,performance,strict,j0045,bob,small,50,1,1093,3651,3763,112,112,2558,2670,0,false,gpu-b
D-large-and-small,fifo,performance,strict,j0046,bob,small,50,1,1102,3657,3819,162,162,2555,2717,0,false,gpu-b
D-large-and-small,fifo,performance,strict,j0047,bob,small,50,1,1136,3671,3738,67,67,2535,2602,0,false,gpu-a
D-large-and-small,fifo,performance,strict,j0048,bob,small,50,1,1174,3697,3874,177,177,2523,2700,0,false,gpu-a
D-large-and-small,fifo,performance,strict,j0049,bob,distributed,50,4,1205,3749,4394,645,645,2544,3189,0,false,gpu-a gpu-b
D-large-and-small,fifo,performance,strict,j0050,bob,distributed,50,4,1206,3874,4652,778,778,2668,3446,0,false,gpu-a gpu-b
D-large-and-small,fifo,performance,strict,j0051,alice,small,50,1,1207,4394,4531,137,137,3187,3324,0,false,gpu-a
D-large-and-small,fifo,performance,strict,j0052,bob,small,50,1,1211,4394,4454,60,60,3183,3243,0,false,gpu-a
D-large-and-small,fifo,performance,strict,j0053,bob,small,50,1,1232,4394,4468,74,74,3162,3236,0,false,gpu-b
D-large-and-small,fifo,performance,strict,j0054,alice,small,50,1,1255,4394,4463,69,69,3139,3208,0,false,gpu-b
D-large-and-small,fifo,performance,strict,j0055,bob,small,50,1,1270,4454,4598,144,144,3184,3328,0,false,gpu-a
D-large-and-small,fifo,performance,strict,j0056,bob,small,50,1,1282,4463,4629,166,166,3181,3347,0,false,gpu-b
D-large-and-small,fifo,performance,strict,j0057,bob,small,50,1,1319,4468,4634,166,166,3149,3315,0,false,gpu-b
D-large-and-small,fifo,performance,strict,j0058,bob,small,50,1,1329,4531,4618,87,87,3202,3289,0,false,gpu-a
D-large-and-small,fifo,performance,strict,j0059,alice,distributed,50,4,1356,4634,5814,1180,1180,3278,4458,0,false,gpu-a gpu-b
D-large-and-small,fifo,performance,strict,j0060,bob,small,50,1,1364,4652,4778,126,126,3288,3414,0,false,gpu-a
D-large-and-small,fifo,performance,strict,j0061,bob,distributed,50,4,1392,4778,5688,910,910,3386,4296,0,false,gpu-a gpu-b
D-large-and-small,fifo,performance,strict,j0062,alice,small,50,1,1392,5688,5798,110,110,4296,4406,0,false,gpu-a
D-large-and-small,fifo,performance,strict,j0063,bob,small,50,1,1473,5688,5811,123,123,4215,4338,0,false,gpu-a
D-large-and-small,fifo,performance,strict,j0064,alice,small,50,1,1489,5688,5868,180,180,4199,4379,0,false,gpu-b
D-large-and-small,fifo,performance,strict,j0065,alice,small,50,1,1545,5688,5806,118,118,4143,4261,0,false,gpu-b
D-large-and-small,fifo,performance,strict,j0066,bob,small,50,1,1553,5798,5939,141,141,4245,4386,0,false,gpu-a
D-large-and-small,fifo,performance,strict,j0067,bob,small,50,1,1573,5806,5878,72,72,4233,4305,0,false,gpu-b
D-large-and-small,fifo,performance,strict,j0068,bob,distributed,50,4,1607,5814,6731,917,917,4207,5124,0,false,gpu-a gpu-b
D-large-and-small,fifo,performance,strict,j0069,alice,small,50,1,1611,5814,5895,81,81,4203,4284,0,false,gpu-a
D-large-and-small,fifo,performance,strict,j0070,alice,small,50,1,1631,5868,5963,95,95,4237,4332,0,false,gpu-b
D-large-and-small,fifo,performance,strict,j0071,alice,small,50,1,1653,5878,5941,63,63,4225,4288,0,false,gpu-b
D-large-and-small,fifo,performance,strict,j0072,alice,small,50,1,1672,5895,5996,101,101,4223,4324,0,false,gpu-a
D-large-and-small,fifo,performance,strict,j0073,bob,distributed,50,4,1681,5996,6805,809,809,4315,5124,0,false,gpu-a gpu-b
D-large-and-small,fifo,performance,strict,j0074,alice,distributed,50,4,1686,6731,7415,684,684,5045,5729,0,false,gpu-a gpu-b
D-large-and-small,fifo,performance,strict,j0075,alice,small,50,1,1692,6805,6942,137,137,5113,5250,0,false,gpu-a
D-large-and-small,fifo,performance,strict,j0076,bob,small,50,1,1708,6805,6981,176,176,5097,5273,0,false,gpu-a
D-large-and-small,fifo,performance,strict,j0077,alice,small,50,1,1714,6805,6968,163,163,5091,5254,0,false,gpu-b
D-large-and-small,fifo,performance,strict,j0078,alice,small,50,1,1717,6805,6921,116,116,5088,5204,0,false,gpu-b
D-large-and-small,fifo,performance,strict,j0079,alice,small,50,1,1725,6921,6984,63,63,5196,5259,0,false,gpu-b
D-large-and-small,fifo,performance,strict,j0080,alice,small,50,1,1735,6942,7098,156,156,5207,5363,0,false,gpu-a
D-large-and-small,fifo,performance,strict,j0081,alice,small,50,1,1769,6968,7056,88,88,5199,5287,0,false,gpu-b
D-large-and-small,fifo,performance,strict,j0082,alice,small,50,1,1842,6981,7057,76,76,5139,5215,0,false,gpu-a
D-large-and-small,fifo,performance,strict,j0083,bob,small,50,1,1880,6984,7081,97,97,5104,5201,0,false,gpu-b
D-large-and-small,fifo,performance,strict,j0084,bob,small,50,1,1931,7056,7199,143,143,5125,5268,0,false,gpu-b
D-large-and-small,fifo,performance,strict,j0085,alice,small,50,1,1971,7057,7218,161,161,5086,5247,0,false,gpu-a
D-large-and-small,fifo,performance,strict,j0086,alice,distributed,50,4,1978,7218,8265,1047,1047,5240,6287,0,false,gpu-a gpu-b
D-large-and-small,fifo,performance,strict,j0087,alice,small,50,1,1982,7415,7517,102,102,5433,5535,0,false,gpu-a
D-large-and-small,fifo,performance,strict,j0088,bob,distributed,50,4,1994,7517,8699,1182,1182,5523,6705,0,false,gpu-a gpu-b
D-large-and-small,fifo,performance,strict,j0089,alice,small,50,1,1998,8265,8434,169,169,6267,6436,0,false,gpu-a
D-large-and-small,fifo,performance,strict,j0090,bob,small,50,1,2005,8265,8383,118,118,6260,6378,0,false,gpu-a
D-large-and-small,fifo,performance,strict,j0091,alice,distributed,50,4,2055,8434,9108,674,674,6379,7053,0,false,gpu-a gpu-b
D-large-and-small,fifo,performance,strict,j0092,alice,distributed,50,4,2069,8699,9508,809,809,6630,7439,0,false,gpu-a gpu-b
D-large-and-small,fifo,performance,strict,j0093,alice,small,50,1,2088,9108,9252,144,144,7020,7164,0,false,gpu-a
D-large-and-small,fifo,performance,strict,j0094,alice,small,50,1,2114,9108,9178,70,70,6994,7064,0,false,gpu-a
D-large-and-small,fifo,performance,strict,j0095,bob,distributed,50,4,2127,9252,10157,905,905,7125,8030,0,false,gpu-a gpu-b
D-large-and-small,fifo,performance,strict,j0096,bob,small,50,1,2153,9508,9633,125,125,7355,7480,0,false,gpu-a
D-large-and-small,fifo,performance,strict,j0097,bob,small,50,1,2206,9508,9652,144,144,7302,7446,0,false,gpu-a
D-large-and-small,fifo,performance,strict,j0098,bob,small,50,1,2220,9508,9586,78,78,7288,7366,0,false,gpu-b
D-large-and-small,fifo,performance,strict,j0099,bob,small,50,1,2220,9508,9568,60,60,7288,7348,0,false,gpu-b
D-large-and-small,fifo,performance,strict,j0100,bob,small,50,1,2237,9568,9699,131,131,7331,7462,0,false,gpu-b
D-large-and-small,fifo,performance,strict,j0101,alice,small,50,1,2269,9586,9734,148,148,7317,7465,0,false,gpu-b
D-large-and-small,fifo,performance,strict,j0102,alice,small,50,1,2275,9633,9713,80,80,7358,7438,0,false,gpu-a
D-large-and-small,fifo,performance,strict,j0103,bob,small,50,1,2335,9652,9796,144,144,7317,7461,0,false,gpu-a
D-large-and-small,fifo,performance,strict,j0104,alice,small,50,1,2343,9699,9845,146,146,7356,7502,0,false,gpu-b
D-large-and-small,fifo,performance,strict,j0105,alice,distributed,50,4,2428,9845,10810,965,965,7417,8382,0,false,gpu-a gpu-b
D-large-and-small,fifo,performance,strict,j0106,bob,small,50,1,2445,10157,10286,129,129,7712,7841,0,false,gpu-a
D-large-and-small,fifo,performance,strict,j0107,alice,small,50,1,2452,10157,10241,84,84,7705,7789,0,false,gpu-a
D-large-and-small,fifo,performance,strict,j0108,alice,small,50,1,2455,10157,10254,97,97,7702,7799,0,false,gpu-b
D-large-and-small,fifo,performance,strict,j0109,alice,distributed,50,4,2472,10286,11225,939,939,7814,8753,0,false,gpu-a gpu-b
D-large-and-small,fifo,performance,strict,j0110,bob,small,50,1,2485,10810,10894,84,84,8325,8409,0,false,gpu-a
D-large-and-small,fifo,performance,strict,j0111,alice,small,50,1,2507,10810,10904,94,94,8303,8397,0,false,gpu-a
D-large-and-small,fifo,performance,strict,j0112,alice,small,50,1,2556,10810,10945,135,135,8254,8389,0,false,gpu-b
D-large-and-small,fifo,performance,strict,j0113,alice,distributed,50,4,2563,10945,12012,1067,1067,8382,9449,0,false,gpu-a gpu-b
D-large-and-small,fifo,performance,strict,j0114,bob,distributed,50,4,2575,11225,12050,825,825,8650,9475,0,false,gpu-a gpu-b
D-large-and-small,fifo,performance,strict,j0115,bob,small,50,1,2580,12012,12144,132,132,9432,9564,0,false,gpu-a
D-large-and-small,fifo,performance,strict,j0116,alice,distributed,50,4,2677,12050,12784,734,734,9373,10107,0,false,gpu-a gpu-b
D-large-and-small,fifo,performance,strict,j0117,bob,distributed,50,4,2759,12144,13122,978,978,9385,10363,0,false,gpu-a gpu-b
D-large-and-small,fifo,performance,strict,j0118,alice,small,50,1,2786,12784,12844,60,60,9998,10058,0,false,gpu-a
D-large-and-small,fifo,performance,strict,j0119,bob,small,50,1,2810,12784,12869,85,85,9974,10059,0,false,gpu-a
D-large-and-small,fifo,performance,strict,j0120,bob,distributed,50,4,2810,12869,13973,1104,1104,10059,11163,0,false,gpu-a gpu-b
D-large-and-small,fifo,performance,strict,j0121,alice,distributed,50,4,2846,13122,13856,734,734,10276,11010,0,false,gpu-a gpu-b
D-large-and-small,fifo,performance,strict,j0122,alice,small,50,1,2860,13856,13978,122,122,10996,11118,0,false,gpu-a
D-large-and-small,fifo,performance,strict,j0123,alice,small,50,1,2873,13856,14029,173,173,10983,11156,0,false,gpu-a
D-large-and-small,fifo,performance,strict,j0124,bob,small,50,1,2890,13856,13973,117,117,10966,11083,0,false,gpu-b
D-large-and-small,fifo,performance,strict,j0125,alice,small,50,1,2900,13856,13939,83,83,10956,11039,0,false,gpu-b
D-large-and-small,fifo,performance,strict,j0126,alice,small,50,1,2916,13939,14059,120,120,11023,11143,0,false,gpu-b
D-large-and-small,fifo,performance,strict,j0127,bob,small,50,1,2919,13973,14136,163,163,11054,11217,0,false,gpu-a
D-large-and-small,fifo,performance,strict,j0128,alice,small,50,1,2923,13973,14125,152,152,11050,11202,0,false,gpu-a
D-large-and-small,fifo,performance,strict,j0129,bob,small,50,1,2974,13973,14047,74,74,10999,11073,0,false,gpu-b
D-large-and-small,fifo,performance,strict,j0130,bob,small,50,1,3028,13973,14142,169,169,10945,11114,0,false,gpu-b
D-large-and-small,fifo,performance,strict,j0131,bob,small,50,1,3053,13973,14083,110,110,10920,11030,0,false,gpu-b
D-large-and-small,fifo,performance,strict,j0132,bob,small,50,1,3199,13978,14096,118,118,10779,10897,0,false,gpu-a
D-large-and-small,fifo,performance,strict,j0133,alice,small,50,1,3237,14029,14111,82,82,10792,10874,0,false,gpu-a
D-large-and-small,fifo,performance,strict,j0134,alice,small,50,1,3253,14047,14187,140,140,10794,10934,0,false,gpu-b
D-large-and-small,fifo,performance,strict,j0135,alice,distributed,50,4,3281,14111,14761,650,650,10830,11480,0,false,gpu-a gpu-b
D-large-and-small,fifo,performance,strict,j0136,alice,small,50,1,3282,14125,14236,111,111,10843,10954,0,false,gpu-a
D-large-and-small,fifo,performance,strict,j0137,bob,distributed,50,4,3333,14236,15067,831,831,10903,11734,0,false,gpu-a gpu-b
D-large-and-small,fifo,performance,strict,j0138,alice,small,50,1,3358,14761,14821,60,60,11403,11463,0,false,gpu-a
D-large-and-small,fifo,performance,strict,j0139,alice,small,50,1,3364,14761,14869,108,108,11397,11505,0,false,gpu-a
D-large-and-small,fifo,performance,strict,j0140,alice,distributed,50,4,3368,14869,15625,756,756,11501,12257,0,false,gpu-a gpu-b
D-large-and-small,fifo,performance,strict,j0141,bob,distributed,50,4,3371,15067,16016,949,949,11696,12645,0,false,gpu-a gpu-b
D-large-and-small,fifo,performance,strict,j0142,bob,small,50,1,3400,15625,15801,176,176,12225,12401,0,false,gpu-a
D-large-and-small,fifo,performance,strict,j0143,bob,small,50,1,3434,15625,15769,144,144,12191,12335,0,false,gpu-a
D-large-and-small,fifo,performance,strict,j0144,alice,small,50,1,3445,15625,15792,167,167,12180,12347,0,false,gpu-b
D-large-and-small,fifo,performance,strict,j0145,bob,small,50,1,3452,15625,15693,68,68,12173,12241,0,false,gpu-b
D-large-and-small,fifo,performance,strict,j0146,alice,small,50,1,3468,15693,15850,157,157,12225,12382,0,false,gpu-b
D-large-and-small,fifo,performance,strict,j0147,bob,small,50,1,3478,15769,15838,69,69,12291,12360,0,false,gpu-a
D-large-and-small,fifo,performance,strict,j0148,bob,small,50,1,3481,15792,15942,150,150,12311,12461,0,false,gpu-b
D-large-and-small,fifo,performance,strict,j0149,alice,small,50,1,3514,15801,15866,65,65,12287,12352,0,false,gpu-a
D-large-and-small,fifo,performance,strict,j0150,alice,small,50,1,3521,15838,16012,174,174,12317,12491,0,false,gpu-a
D-large-and-small,fifo,performance,strict,j0151,alice,small,50,1,3569,15850,15969,119,119,12281,12400,0,false,gpu-b
D-large-and-small,fifo,performance,strict,j0152,alice,small,50,1,3601,15866,15958,92,92,12265,12357,0,false,gpu-a
D-large-and-small,fifo,performance,strict,j0153,alice,small,50,1,3643,15942,16103,161,161,12299,12460,0,false,gpu-b
D-large-and-small,fifo,performance,strict,j0154,alice,small,50,1,3645,15958,16046,88,88,12313,12401,0,false,gpu-a
D-large-and-small,fifo,performance,strict,j0155,alice,small,50,1,3683,15969,16031,62,62,12286,12348,0,false,gpu-b
D-large-and-small,fifo,performance,strict,j0156,alice,small,50,1,3695,16012,16146,134,134,12317,12451,0,false,gpu-a
D-large-and-small,fifo,performance,strict,j0157,alice,small,50,1,3736,16016,16173,157,157,12280,12437,0,false,gpu-a
D-large-and-small,fifo,performance,strict,j0158,bob,distributed,50,4,3737,16046,16806,760,760,12309,13069,0,false,gpu-a gpu-b
D-large-and-small,fifo,performance,strict,j0159,bob,small,50,1,3750,16046,16150,104,104,12296,12400,0,false,gpu-b
D-large-and-small,fifo,performance,strict,j0160,alice,small,50,1,3751,16103,16208,105,105,12352,12457,0,false,gpu-b
D-large-and-small,fifo,performance,strict,j0161,alice,small,50,1,3756,16146,16317,171,171,12390,12561,0,false,gpu-a
D-large-and-small,fifo,performance,strict,j0162,alice,small,50,1,3766,16150,16299,149,149,12384,12533,0,false,gpu-b
D-large-and-small,fifo,performance,strict,j0163,bob,small,50,1,3772,16173,16317,144,144,12401,12545,0,false,gpu-a
D-large-and-small,fifo,performance,strict,j0164,alice,small,50,1,3777,16208,16291,83,83,12431,12514,0,false,gpu-b
D-large-and-small,fifo,performance,strict,j0165,bob,small,50,1,3813,16291,16364,73,73,12478,12551,0,false,gpu-b
D-large-and-small,fifo,performance,strict,j0166,alice,small,50,1,3816,16299,16413,114,114,12483,12597,0,false,gpu-b
D-large-and-small,fifo,performance,strict,j0167,bob,small,50,1,3816,16317,16492,175,175,12501,12676,0,false,gpu-a
D-large-and-small,fifo,performance,strict,j0168,bob,distributed,50,4,3825,16492,17401,909,909,12667,13576,0,false,gpu-a gpu-b
D-large-and-small,fifo,performance,strict,j0169,bob,small,50,1,3905,16806,16885,79,79,12901,12980,0,false,gpu-a
D-large-and-small,fifo,performance,strict,j0170,bob,small,50,1,3909,16806,16958,152,152,12897,13049,0,false,gpu-a
D-large-and-small,fifo,performance,strict,j0171,alice,small,50,1,3973,16806,16885,79,79,12833,12912,0,false,gpu-b
D-large-and-small,fifo,performance,strict,j0172,bob,small,50,1,4001,16806,16932,126,126,12805,12931,0,false,gpu-b
D-large-and-small,fifo,performance,strict,j0173,bob,distributed,50,4,4035,16958,18034,1076,1076,12923,13999,0,false,gpu-a gpu-b
D-large-and-small,fifo,performance,strict,j0174,bob,small,50,1,4068,17401,17462,61,61,13333,13394,0,false,gpu-a
D-large-and-small,fifo,performance,strict,j0175,bob,small,50,1,4072,17401,17563,162,162,13329,13491,0,false,gpu-a
D-large-and-small,fifo,performance,strict,j0176,bob,small,50,1,4089,17401,17549,148,148,13312,13460,0,false,gpu-b
D-large-and-small,fifo,performance,strict,j0177,alice,small,50,1,4105,17401,17501,100,100,13296,13396,0,false,gpu-b
D-large-and-small,fifo,performance,strict,j0178,bob,small,50,1,4164,17462,17582,120,120,13298,13418,0,false,gpu-a
D-large-and-small,fifo,performance,strict,j0179,alice,small,50,1,4190,17501,17601,100,100,13311,13411,0,false,gpu-b
D-large-and-small,fifo,performance,strict,j0180,bob,small,50,1,4241,17549,17644,95,95,13308,13403,0,false,gpu-b
D-large-and-small,fifo,performance,strict,j0181,bob,small,50,1,4250,17563,17647,84,84,13313,13397,0,false,gpu-a
D-large-and-small,fifo,performance,strict,j0182,alice,distributed,50,4,4267,17647,18623,976,976,13380,14356,0,false,gpu-a gpu-b
D-large-and-small,fifo,performance,strict,j0183,bob,small,50,1,4291,18034,18153,119,119,13743,13862,0,false,gpu-a
D-large-and-small,fifo,performance,strict,j0184,bob,small,50,1,4320,18034,18113,79,79,13714,13793,0,false,gpu-a
D-large-and-small,fifo,performance,strict,j0185,alice,small,50,1,4375,18034,18145,111,111,13659,13770,0,false,gpu-b
D-large-and-small,fifo,performance,strict,j0186,alice,small,50,1,4391,18034,18094,60,60,13643,13703,0,false,gpu-b
D-large-and-small,fifo,performance,strict,j0187,alice,distributed,50,4,4396,18153,19045,892,892,13757,14649,0,false,gpu-a gpu-b
D-large-and-small,fifo,performance,strict,j0188,alice,small,50,1,4404,18623,18759,136,136,14219,14355,0,false,gpu-a
D-large-and-small,fifo,performance,strict,j0189,alice,small,50,1,4417,18623,18793,170,170,14206,14376,0,false,gpu-a
D-large-and-small,fifo,performance,strict,j0190,alice,small,50,1,4454,18623,18792,169,169,14169,14338,0,false,gpu-b
D-large-and-small,fifo,performance,strict,j0191,bob,small,50,1,4460,18623,18743,120,120,14163,14283,0,false,gpu-b
D-large-and-small,fifo,performance,strict,j0192,alice,small,50,1,4470,18743,18909,166,166,14273,14439,0,false,gpu-b
D-large-and-small,fifo,performance,strict,j0193,bob,distributed,50,4,4482,18909,19762,853,853,14427,15280,0,false,gpu-a gpu-b
D-large-and-small,fifo,performance,strict,j0194,alice,small,50,1,4494,19045,19153,108,108,14551,14659,0,false,gpu-a
D-large-and-small,fifo,performance,strict,j0195,bob,small,50,1,4499,19045,19134,89,89,14546,14635,0,false,gpu-a
D-large-and-small,fifo,performance,strict,j0196,alice,small,50,1,4504,19045,19134,89,89,14541,14630,0,false,gpu-b
D-large-and-small,fifo,performance,strict,j0197,alice,small,50,1,4563,19045,19110,65,65,14482,14547,0,false,gpu-b
D-large-and-small,fifo,performance,strict,j0198,alice,small,50,1,4586,19110,19269,159,159,14524,14683,0,false,gpu-b
D-large-and-small,fifo,performance,strict,j0199,alice,small,50,1,4613,19134,19213,79,79,14521,14600,0,false,gpu-a
D-large-and-small,fifo,performance,reserved,j0000,alice,small,50,1,24,24,164,140,140,0,140,0,false,gpu-a
D-large-and-small,fifo,performance,reserved,j0001,bob,distributed,50,4,59,59,1213,1154,1154,0,1154,0,false,gpu-a gpu-b
D-large-and-small,fifo,performance,reserved,j0002,bob,small,50,1,60,60,223,163,163,0,163,0,false,gpu-a
D-large-and-small,fifo,performance,reserved,j0003,alice,distributed,50,4,150,223,1281,1058,1058,73,1131,0,false,gpu-a gpu-b
D-large-and-small,fifo,performance,reserved,j0004,alice,small,50,1,166,1213,1358,145,145,1047,1192,0,false,gpu-a
D-large-and-small,fifo,performance,reserved,j0005,alice,small,50,1,169,1213,1335,122,122,1044,1166,0,false,gpu-a
D-large-and-small,fifo,performance,reserved,j0006,alice,small,50,1,173,1213,1291,78,78,1040,1118,0,false,gpu-b
D-large-and-small,fifo,performance,reserved,j0007,alice,small,50,1,189,1213,1337,124,124,1024,1148,0,false,gpu-b
D-large-and-small,fifo,performance,reserved,j0008,bob,small,50,1,201,1281,1367,86,86,1080,1166,0,false,gpu-a
D-large-and-small,fifo,performance,reserved,j0009,bob,small,50,1,222,1281,1398,117,117,1059,1176,0,false,gpu-a
D-large-and-small,fifo,performance,reserved,j0010,bob,small,50,1,225,1281,1362,81,81,1056,1137,0,false,gpu-b
D-large-and-small,fifo,performance,reserved,j0011,alice,small,50,1,238,1281,1438,157,157,1043,1200,0,false,gpu-b
D-large-and-small,fifo,performance,reserved,j0012,bob,small,50,1,239,1291,1413,122,122,1052,1174,0,false,gpu-b
D-large-and-small,fifo,performance,reserved,j0013,alice,small,50,1,244,1335,1498,163,163,1091,1254,0,false,gpu-a
D-large-and-small,fifo,performance,reserved,j0014,alice,small,50,1,269,1337,1437,100,100,1068,1168,0,false,gpu-b
D-large-and-small,fifo,performance,reserved,j0015,alice,small,50,1,302,1358,1502,144,144,1056,1200,0,false,gpu-a
D-large-and-small,fifo,performance,reserved,j0016,alice,small,50,1,308,1362,1487,125,125,1054,1179,0,false,gpu-b
D-large-and-small,fifo,performance,reserved,j0017,alice,distributed,50,4,327,1437,2075,638,638,1110,1748,1,false,gpu-a gpu-b
D-large-and-small,fifo,performance,reserved,j0018,alice,small,50,1,367,1438,1597,159,159,1071,1230,1,false,gpu-b
D-large-and-small,fifo,performance,reserved,j0019,alice,distributed,50,4,388,1597,2583,986,986,1209,2195,4,false,gpu-a gpu-b
D-large-and-small,fifo,performance,reserved,j0020,bob,small,50,1,438,2075,2233,158,158,1637,1795,4,false,gpu-a
D-large-and-small,fifo,performance,reserved,j0021,bob,small,50,1,443,2075,2190,115,115,1632,1747,4,false,gpu-a
D-large-and-small,fifo,performance,reserved,j0022,bob,small,50,1,487,1487,1584,97,97,1000,1097,1,false,gpu-b
D-large-and-small,fifo,performance,reserved,j0023,bob,small,50,1,492,2075,2220,145,145,1583,1728,3,false,gpu-b
D-large-and-small,fifo,performance,reserved,j0024,bob,small,50,1,591,1498,1569,71,71,907,978,1,false,gpu-a
D-large-and-small,fifo,performance,reserved,j0025,bob,small,50,1,595,1502,1586,84,84,907,991,1,false,gpu-a
D-large-and-small,fifo,performance,reserved,j0026,bob,distributed,50,4,618,2249,3393,1144,1144,1631,2775,2,false,gpu-a gpu-b
D-large-and-small,fifo,performance,reserved,j0027,alice,small,50,1,619,2075,2249,174,174,1456,1630,1,false,gpu-b
D-large-and-small,fifo,performance,reserved,j0028,alice,distributed,50,4,633,2583,3409,826,826,1950,2776,1,false,gpu-a gpu-b
D-large-and-small,fifo,performance,reserved,j0029,alice,small,50,1,699,3393,3488,95,95,2694,2789,1,false,gpu-a
D-large-and-small,fifo,performance,reserved,j0030,bob,small,50,1,730,3393,3536,143,143,2663,2806,1,false,gpu-a
D-large-and-small,fifo,performance,reserved,j0031,bob,small,50,1,777,3393,3508,115,115,2616,2731,1,false,gpu-b
D-large-and-small,fifo,performance,reserved,j0032,alice,small,50,1,836,3393,3480,87,87,2557,2644,1,false,gpu-b
D-large-and-small,fifo,performance,reserved,j0033,bob,small,50,1,838,1367,1431,64,64,529,593,0,false,gpu-a
D-large-and-small,fifo,performance,reserved,j0034,bob,small,50,1,843,3409,3490,81,81,2566,2647,0,false,gpu-a
D-large-and-small,fifo,performance,reserved,j0035,alice,small,50,1,868,3409,3471,62,62,2541,2603,0,false,gpu-a
D-large-and-small,fifo,performance,reserved,j0036,bob,small,50,1,891,3409,3489,80,80,2518,2598,0,false,gpu-b
D-large-and-small,fifo,performance,reserved,j0037,alice,small,50,1,898,3409,3491,82,82,2511,2593,0,false,gpu-b
D-large-and-small,fifo,performance,reserved,j0038,bob,small,50,1,909,3471,3604,133,133,2562,2695,0,false,gpu-a
D-large-and-small,fifo,performance,reserved,j0039,alice,small,50,1,922,3480,3594,114,114,2558,2672,0,false,gpu-b
D-large-and-small,fifo,performance,reserved,j0040,alice,small,50,1,960,3488,3654,166,166,2528,2694,0,false,gpu-a
D-large-and-small,fifo,performance,reserved,j0041,bob,small,50,1,1050,3489,3653,164,164,2439,2603,0,false,gpu-b
D-large-and-small,fifo,performance,reserved,j0042,bob,small,50,1,1053,3490,3567,77,77,2437,2514,0,false,gpu-a
D-large-and-small,fifo,performance,reserved,j0043,alice,small,50,1,1062,3491,3553,62,62,2429,2491,0,false,gpu-b
D-large-and-small,fifo,performance,reserved,j0044,bob,small,50,1,1064,3508,3623,115,115,2444,2559,0,false,gpu-b
D-large-and-small,fifo,performance,reserved,j0045,bob,small,50,1,1093,3536,3648,112,112,2443,2555,0,false,gpu-a
D-large-and-small,fifo,performance,reserved,j0046,bob,small,50,1,1102,3553,3715,162,162,2451,2613,0,false,gpu-b
D-large-and-small,fifo,performance,reserved,j0047,bob,small,50,1,1136,3567,3634,67,67,2431,2498,0,false,gpu-a
D-large-and-small,fifo,performance,reserved,j0048,bob,small,50,1,1174,3594,3771,177,177,2420,2597,0,false,gpu-b
D-large-and-small,fifo,performance,reserved,j0049,bob,distributed,50,4,1205,3653,4298,645,645,2448,3093,0,false,gpu-a gpu-b
D-large-and-small,fifo,performance,reserved,j0050,bob,distributed,50,4,1206,3771,4549,778,778,2565,3343,2,false,gpu-a gpu-b
D-large-and-small,fifo,performance,reserved,j0051,alice,small,50,1,1207,4298,4435,137,137,3091,3228,2,false,gpu-a
D-large-and-small,fifo,performance,reserved,j0052,bob,small,50,1,1211,3653,3713,60,60,2442,2502,0,false,gpu-a
D-large-and-small,fifo,performance,reserved,j0053,bob,small,50,1,1232,3654,3728,74,74,2422,2496,0,false,gpu-a
D-large-and-small,fifo,performance,reserved,j0054,alice,small,50,1,1255,4298,4367,69,69,3043,3112,0,false,gpu-a
D-large-and-small,fifo,performance,reserved,j0055,bob,small,50,1,1270,4298,4442,144,144,3028,3172,0,false,gpu-b
D-large-and-small,fifo,performance,reserved,j0056,bob,small,50,1,1282,4298,4464,166,166,3016,3182,0,false,gpu-b
D-large-and-small,fifo,performance,reserved,j0057,bob,small,50,1,1319,4367,4533,166,166,3048,3214,0,false,gpu-a
D-large-and-small,fifo,performance,reserved,j0058,bob,small,50,1,1329,4435,4522,87,87,3106,3193,0,false,gpu-a
D-large-and-small,fifo,performance,reserved,j0059,alice,distributed,50,4,1356,4533,5713,1180,1180,3177,4357,2,false,gpu-a gpu-b
D-large-and-small,fifo,performance,reserved,j0060,bob,small,50,1,1364,4549,4675,126,126,3185,3311,2,false,gpu-a
D-large-and-small,fifo,performance,reserved,j0061,bob,distributed,50,4,1392,4729,5639,910,910,3337,4247,5,false,gpu-a gpu-b
D-large-and-small,fifo,performance,reserved,j0062,alice,small,50,1,1392,4549,4659,110,110,3157,3267,2,false,gpu-a
D-large-and-small,fifo,performance,reserved,j0063,bob,small,50,1,1473,4549,4672,123,123,3076,3199,2,false,gpu-b
D-large-and-small,fifo,performance,reserved,j0064,alice,small,50,1,1489,4549,4729,180,180,3060,3240,2,false,gpu-b
D-large-and-small,fifo,performance,reserved,j0065,alice,small,50,1,1545,5639,5757,118,118,4094,4212,3,false,gpu-a
D-large-and-small,fifo,performance,reserved,j0066,bob,small,50,1,1553,5639,5780,141,141,4086,4227,3,false,gpu-a
D-large-and-small,fifo,performance,reserved,j0067,bob,small,50,1,1573,4442,4514,72,72,2869,2941,0,false,gpu-b
D-large-and-small,fifo,performance,reserved,j0068,bob,distributed,50,4,1607,5713,6630,917,917,4106,5023,4,false,gpu-a gpu-b
D-large-and-small,fifo,performance,reserved,j0069,alice,small,50,1,1611,5713,5794,81,81,4102,4183,4,false,gpu-b
D-large-and-small,fifo,performance,reserved,j0070,alice,small,50,1,1631,5713,5808,95,95,4082,4177,4,false,gpu-b
D-large-and-small,fifo,performance,reserved,j0071,alice,small,50,1,1653,4464,4527,63,63,2811,2874,0,false,gpu-b
D-large-and-small,fifo,performance,reserved,j0072,alice,small,50,1,1672,5757,5858,101,101,4085,4186,3,false,gpu-a
D-large-and-small,fifo,performance,reserved,j0073,bob,distributed,50,4,1681,5858,6667,809,809,4177,4986,5,false,gpu-a gpu-b
D-large-and-small,fifo,performance,reserved,j0074,alice,distributed,50,4,1686,6630,7314,684,684,4944,5628,5,false,gpu-a gpu-b
D-large-and-small,fifo,performance,reserved,j0075,alice,small,50,1,1692,6667,6804,137,137,4975,5112,5,false,gpu-a
D-large-and-small,fifo,performance,reserved,j0076,bob,small,50,1,1708,6667,6843,176,176,4959,5135,5,false,gpu-a
D-large-and-small,fifo,performance,reserved,j0077,alice,small,50,1,1714,6667,6830,163,163,4953,5116,5,false,gpu-b
D-large-and-small,fifo,performance,reserved,j0078,alice,small,50,1,1717,6667,6783,116,116,4950,5066,5,false,gpu-b
D-large-and-small,fifo,performance,reserved,j0079,alice,small,50,1,1725,4659,4722,63,63,2934,2997,0,false,gpu-a
D-large-and-small,fifo,performance,reserved,j0080,alice,small,50,1,1735,6783,6939,156,156,5048,5204,4,false,gpu-b
D-large-and-small,fifo,performance,reserved,j0081,alice,small,50,1,1769,6804,6892,88,88,5035,5123,4,false,gpu-a
D-large-and-small,fifo,performance,reserved,j0082,alice,small,50,1,1842,5780,5856,76,76,3938,4014,2,false,gpu-a
D-large-and-small,fifo,performance,reserved,j0083,bob,small,50,1,1880,6830,6927,97,97,4950,5047,3,false,gpu-b
D-large-and-small,fifo,performance,reserved,j0084,bob,small,50,1,1931,6843,6986,143,143,4912,5055,3,false,gpu-a
D-large-and-small,fifo,performance,reserved,j0085,alice,small,50,1,1971,6892,7053,161,161,4921,5082,3,false,gpu-a
D-large-and-small,fifo,performance,reserved,j0086,alice,distributed,50,4,1978,7053,8100,1047,1047,5075,6122,6,false,gpu-a gpu-b
D-large-and-small,fifo,performance,reserved,j0087,alice,small,50,1,1982,6927,7029,102,102,4945,5047,3,false,gpu-b
D-large-and-small,fifo,performance,reserved,j0088,bob,distributed,50,4,1994,7314,8496,1182,1182,5320,6502,5,false,gpu-a gpu-b
D-large-and-small,fifo,performance,reserved,j0089,alice,small,50,1,1998,8100,8269,169,169,6102,6271,5,false,gpu-a
D-large-and-small,fifo,performance,reserved,j0090,bob,small,50,1,2005,8100,8218,118,118,6095,6213,5,false,gpu-a
D-large-and-small,fifo,performance,reserved,j0091,alice,distributed,50,4,2055,8269,8943,674,674,6214,6888,7,false,gpu-a gpu-b
D-large-and-small,fifo,performance,reserved,j0092,alice,distributed,50,4,2069,8496,9305,809,809,6427,7236,7,false,gpu-a gpu-b
D-large-and-small,fifo,performance,reserved,j0093,alice,small,50,1,2088,8100,8244,144,144,6012,6156,5,false,gpu-b
D-large-and-small,fifo,performance,reserved,j0094,alice,small,50,1,2114,5639,5709,70,70,3525,3595,0,false,gpu-b
D-large-and-small,fifo,performance,reserved,j0095,bob,distributed,50,4,2127,8943,9848,905,905,6816,7721,5,false,gpu-a gpu-b
D-large-and-small,fifo,performance,reserved,j0096,bob,small,50,1,2153,8100,8225,125,125,5947,6072,4,false,gpu-b
D-large-and-small,fifo,performance,reserved,j0097,bob,small,50,1,2206,9305,9449,144,144,7099,7243,4,false,gpu-a
D-large-and-small,fifo,performance,reserved,j0098,bob,small,50,1,2220,6939,7017,78,78,4719,4797,1,false,gpu-b
D-large-and-small,fifo,performance,reserved,j0099,bob,small,50,1,2220,5639,5699,60,60,3419,3479,0,false,gpu-b
D-large-and-small,fifo,performance,reserved,j0100,bob,small,50,1,2237,9305,9436,131,131,7068,7199,2,false,gpu-a
D-large-and-small,fifo,performance,reserved,j0101,alice,small,50,1,2269,9305,9453,148,148,7036,7184,2,false,gpu-b
D-large-and-small,fifo,performance,reserved,j0102,alice,small,50,1,2275,9305,9385,80,80,7030,7110,2,false,gpu-b
D-large-and-small,fifo,performance,reserved,j0103,bob,small,50,1,2335,9385,9529,144,144,7050,7194,2,false,gpu-b
D-large-and-small,fifo,performance,reserved,j0104,alice,small,50,1,2343,9436,9582,146,146,7093,7239,2,false,gpu-a
D-large-and-small,fifo,performance,reserved,j0105,alice,distributed,50,4,2428,9582,10547,965,965,7154,8119,4,false,gpu-a gpu-b
D-large-and-small,fifo,performance,reserved,j0106,bob,small,50,1,2445,9449,9578,129,129,7004,7133,2,false,gpu-a
D-large-and-small,fifo,performance,reserved,j0107,alice,small,50,1,2452,9453,9537,84,84,7001,7085,2,false,gpu-b
D-large-and-small,fifo,performance,reserved,j0108,alice,small,50,1,2455,9848,9945,97,97,7393,7490,2,false,gpu-a
D-large-and-small,fifo,performance,reserved,j0109,alice,distributed,50,4,2472,9983,10922,939,939,7511,8450,5,false,gpu-a gpu-b
D-large-and-small,fifo,performance,reserved,j0110,bob,small,50,1,2485,9848,9932,84,84,7363,7447,2,false,gpu-a
D-large-and-small,fifo,performance,reserved,j0111,alice,small,50,1,2507,9848,9942,94,94,7341,7435,2,false,gpu-b
D-large-and-small,fifo,performance,reserved,j0112,alice,small,50,1,2556,9848,9983,135,135,7292,7427,2,false,gpu-b
D-large-and-small,fifo,performance,reserved,j0113,alice,distributed,50,4,2563,10547,11614,1067,1067,7984,9051,2,false,gpu-a gpu-b
D-large-and-small,fifo,performance,reserved,j0114,bob,distributed,50,4,2575,10922,11747,825,825,8347,9172,2,false,gpu-a gpu-b
D-large-and-small,fifo,performance,reserved,j0115,bob,small,50,1,2580,11614,11746,132,132,9034,9166,2,false,gpu-a
D-large-and-small,fifo,performance,reserved,j0116,alice,distributed,50,4,2677,11746,12480,734,734,9069,9803,5,false,gpu-a gpu-b
D-large-and-small,fifo,performance,reserved,j0117,bob,distributed,50,4,2759,11747,12725,978,978,8988,9966,5,false,gpu-a gpu-b
D-large-and-small,fifo,performance,reserved,j0118,alice,small,50,1,2786,5794,5854,60,60,3008,3068,0,false,gpu-b
D-large-and-small,fifo,performance,reserved,j0119,bob,small,50,1,2810,11614,11699,85,85,8804,8889,1,false,gpu-a
D-large-and-small,fifo,performance,reserved,j0120,bob,distributed,50,4,2810,12480,13584,1104,1104,9670,10774,3,false,gpu-a gpu-b
D-large-and-small,fifo,performance,reserved,j0121,alice,distributed,50,4,2846,12725,13459,734,734,9879,10613,3,false,gpu-a gpu-b
D-large-and-small,fifo,performance,reserved,j0122,alice,small,50,1,2860,11614,11736,122,122,8754,8876,1,false,gpu-b
D-large-and-small,fifo,performance,reserved,j0123,alice,small,50,1,2873,13459,13632,173,173,10586,10759,2,false,gpu-a
D-large-and-small,fifo,performance,reserved,j0124,bob,small,50,1,2890,11614,11731,117,117,8724,8841,1,false,gpu-b
D-large-and-small,fifo,performance,reserved,j0125,alice,small,50,1,2900,13459,13542,83,83,10559,10642,1,false,gpu-a
D-large-and-small,fifo,performance,reserved,j0126,alice,small,50,1,2916,13459,13579,120,120,10543,10663,1,false,gpu-b
D-large-and-small,fifo,performance,reserved,j0127,bob,small,50,1,2919,13459,13622,163,163,10540,10703,1,false,gpu-b
D-large-and-small,fifo,performance,reserved,j0128,alice,small,50,1,2923,13542,13694,152,152,10619,10771,1,false,gpu-a
D-large-and-small,fifo,performance,reserved,j0129,bob,small,50,1,2974,13579,13653,74,74,10605,10679,1,false,gpu-b
D-large-and-small,fifo,performance,reserved,j0130,bob,small,50,1,3028,13584,13753,169,169,10556,10725,1,false,gpu-a
D-large-and-small,fifo,performance,reserved,j0131,bob,small,50,1,3053,13584,13694,110,110,10531,10641,1,false,gpu-a
D-large-and-small,fifo,performance,reserved,j0132,bob,small,50,1,3199,13584,13702,118,118,10385,10503,1,false,gpu-b
D-large-and-small,fifo,performance,reserved,j0133,alice,small,50,1,3237,13584,13666,82,82,10347,10429,1,false,gpu-b
D-large-and-small,fifo,performance,reserved,j0134,alice,small,50,1,3253,13622,13762,140,140,10369,10509,1,false,gpu-b
D-large-and-small,fifo,performance,reserved,j0135,alice,distributed,50,4,3281,13694,14344,650,650,10413,11063,2,false,gpu-a gpu-b
D-large-and-small,fifo,performance,reserved,j0136,alice,small,50,1,3282,13694,13805,111,111,10412,10523,2,false,gpu-a
D-large-and-small,fifo,performance,reserved,j0137,bob,distributed,50,4,3333,13805,14636,831,831,10472,11303,3,false,gpu-a gpu-b
D-large-and-small,fifo,performance,reserved,j0138,alice,small,50,1,3358,6986,7046,60,60,3628,3688,0,false,gpu-a
D-large-and-small,fifo,performance,reserved,j0139,alice,small,50,1,3364,14344,14452,108,108,10980,11088,2,false,gpu-a
D-large-and-small,fifo,performance,reserved,j0140,alice,distributed,50,4,3368,14520,15276,756,756,11152,11908,6,false,gpu-a gpu-b
D-large-and-small,fifo,performance,reserved,j0141,bob,distributed,50,4,3371,14636,15585,949,949,11265,12214,6,false,gpu-a gpu-b
D-large-and-small,fifo,performance,reserved,j0142,bob,small,50,1,3400,14344,14520,176,176,10944,11120,2,false,gpu-a
D-large-and-small,fifo,performance,reserved,j0143,bob,small,50,1,3434,14344,14488,144,144,10910,11054,2,false,gpu-b
D-large-and-small,fifo,performance,reserved,j0144,alice,small,50,1,3445,14344,14511,167,167,10899,11066,2,false,gpu-b
D-large-and-small,fifo,performance,reserved,j0145,bob,small,50,1,3452,13702,13770,68,68,10250,10318,1,false,gpu-b
D-large-and-small,fifo,performance,reserved,j0146,alice,small,50,1,3468,15276,15433,157,157,11808,11965,2,false,gpu-a
D-large-and-small,fifo,performance,reserved,j0147,bob,small,50,1,3478,15276,15345,69,69,11798,11867,2,false,gpu-a
D-large-and-small,fifo,performance,reserved,j0148,bob,small,50,1,3481,15276,15426,150,150,11795,11945,2,false,gpu-b
D-large-and-small,fifo,performance,reserved,j0149,alice,small,50,1,3514,14452,14517,65,65,10938,11003,1,false,gpu-a
D-large-and-small,fifo,performance,reserved,j0150,alice,small,50,1,3521,15276,15450,174,174,11755,11929,1,false,gpu-b
D-large-and-small,fifo,performance,reserved,j0151,alice,small,50,1,3569,15345,15464,119,119,11776,11895,1,false,gpu-a
D-large-and-small,fifo,performance,reserved,j0152,alice,small,50,1,3601,15426,15518,92,92,11825,11917,1,false,gpu-b
D-large-and-small,fifo,performance,reserved,j0153,alice,small,50,1,3643,15433,15594,161,161,11790,11951,1,false,gpu-a
D-large-and-small,fifo,performance,reserved,j0154,alice,small,50,1,3645,15450,15538,88,88,11805,11893,1,false,gpu-b
D-large-and-small,fifo,performance,reserved,j0155,alice,small,50,1,3683,13632,13694,62,62,9949,10011,0,false,gpu-a
D-large-and-small,fifo,performance,reserved,j0156,alice,small,50,1,3695,15464,15598,134,134,11769,11903,0,false,gpu-a
D-large-and-small,fifo,performance,reserved,j0157,alice,small,50,1,3736,15518,15675,157,157,11782,11939,0,false,gpu-b
D-large-and-small,fifo,performance,reserved,j0158,bob,distributed,50,4,3737,15585,16345,760,760,11848,12608,0,false,gpu-a gpu-b
D-large-and-small,fifo,performance,reserved,j0159,bob,small,50,1,3750,15585,15689,104,104,11835,11939,0,false,gpu-b
D-large-and-small,fifo,performance,reserved,j0160,alice,small,50,1,3751,15594,15699,105,105,11843,11948,0,false,gpu-a
D-large-and-small,fifo,performance,reserved,j0161,alice,small,50,1,3756,15598,15769,171,171,11842,12013,0,false,gpu-a
D-large-and-small,fifo,performance,reserved,j0162,alice,small,50,1,3766,15675,15824,149,149,11909,12058,0,false,gpu-b
D-large-and-small,fifo,performance,reserved,j0163,bob,small,50,1,3772,15689,15833,144,144,11917,12061,0,false,gpu-b
D-large-and-small,fifo,performance,reserved,j0164,alice,small,50,1,3777,15699,15782,83,83,11922,12005,0,false,gpu-a
D-large-and-small,fifo,performance,reserved,j0165,bob,small,50,1,3813,15769,15842,73,73,11956,12029,0,false,gpu-a
D-large-and-small,fifo,performance,reserved,j0166,alice,small,50,1,3816,15782,15896,114,114,11966,12080,0,false,gpu-a
D-large-and-small,fifo,performance,reserved,j0167,bob,small,50,1,3816,15824,15999,175,175,12008,12183,0,false,gpu-b
D-large-and-small,fifo,performance,reserved,j0168,bob,distributed,50,4,3825,15999,16908,909,909,12174,13083,4,false,gpu-a gpu-b
D-large-and-small,fifo,performance,reserved,j0169,bob,small,50,1,3905,15833,15912,79,79,11928,12007,0,false,gpu-b
D-large-and-small,fifo,performance,reserved,j0170,bob,small,50,1,3909,15842,15994,152,152,11933,12085,0,false,gpu-a
D-large-and-small,fifo,performance,reserved,j0171,alice,small,50,1,3973,15896,15975,79,79,11923,12002,0,false,gpu-a
D-large-and-small,fifo,performance,reserved,j0172,bob,small,50,1,4001,16345,16471,126,126,12344,12470,1,false,gpu-a
D-large-and-small,fifo,performance,reserved,j0173,bob,distributed,50,4,4035,16507,17583,1076,1076,12472,13548,5,false,gpu-a gpu-b
D-large-and-small,fifo,performance,reserved,j0174,bob,small,50,1,4068,15912,15973,61,61,11844,11905,0,false,gpu-b
D-large-and-small,fifo,performance,reserved,j0175,bob,small,50,1,4072,16345,16507,162,162,12273,12435,0,false,gpu-a
D-large-and-small,fifo,performance,reserved,j0176,bob,small,50,1,4089,16345,16493,148,148,12256,12404,0,false,gpu-b
D-large-and-small,fifo,performance,reserved,j0177,alice,small,50,1,4105,16345,16445,100,100,12240,12340,0,false,gpu-b
D-large-and-small,fifo,performance,reserved,j0178,bob,small,50,1,4164,16908,17028,120,120,12744,12864,1,false,gpu-a
D-large-and-small,fifo,performance,reserved,j0179,alice,small,50,1,4190,16908,17008,100,100,12718,12818,1,false,gpu-a
D-large-and-small,fifo,performance,reserved,j0180,bob,small,50,1,4241,16908,17003,95,95,12667,12762,1,false,gpu-b
D-large-and-small,fifo,performance,reserved,j0181,bob,small,50,1,4250,16908,16992,84,84,12658,12742,1,false,gpu-b
D-large-and-small,fifo,performance,reserved,j0182,alice,distributed,50,4,4267,17028,18004,976,976,12761,13737,1,false,gpu-a gpu-b
D-large-and-small,fifo,performance,reserved,j0183,bob,small,50,1,4291,17583,17702,119,119,13292,13411,1,false,gpu-a
D-large-and-small,fifo,performance,reserved,j0184,bob,small,50,1,4320,17583,17662,79,79,13263,13342,1,false,gpu-a
D-large-and-small,fifo,performance,reserved,j0185,alice,small,50,1,4375,17583,17694,111,111,13208,13319,1,false,gpu-b
D-large-and-small,fifo,performance,reserved,j0186,alice,small,50,1,4391,16445,16505,60,60,12054,12114,0,false,gpu-b
D-large-and-small,fifo,performance,reserved,j0187,alice,distributed,50,4,4396,17719,18611,892,892,13323,14215,1,false,gpu-a gpu-b
D-large-and-small,fifo,performance,reserved,j0188,alice,small,50,1,4404,17583,17719,136,136,13179,13315,0,false,gpu-b
D-large-and-small,fifo,performance,reserved,j0189,alice,small,50,1,4417,18004,18174,170,170,13587,13757,0,false,gpu-a
D-large-and-small,fifo,performance,reserved,j0190,alice,small,50,1,4454,18004,18173,169,169,13550,13719,0,false,gpu-a
D-large-and-small,fifo,performance,reserved,j0191,bob,small,50,1,4460,18004,18124,120,120,13544,13664,0,false,gpu-b
D-large-and-small,fifo,performance,reserved,j0192,alice,small,50,1,4470,18004,18170,166,166,13534,13700,0,false,gpu-b
D-large-and-small,fifo,performance,reserved,j0193,bob,distributed,50,4,4482,18174,19027,853,853,13692,14545,0,false,gpu-a gpu-b
D-large-and-small,fifo,performance,reserved,j0194,alice,small,50,1,4494,18611,18719,108,108,14117,14225,0,false,gpu-a
D-large-and-small,fifo,performance,reserved,j0195,bob,small,50,1,4499,18611,18700,89,89,14112,14201,0,false,gpu-a
D-large-and-small,fifo,performance,reserved,j0196,alice,small,50,1,4504,18611,18700,89,89,14107,14196,0,false,gpu-b
D-large-and-small,fifo,performance,reserved,j0197,alice,small,50,1,4563,18611,18676,65,65,14048,14113,0,false,gpu-b
D-large-and-small,fifo,performance,reserved,j0198,alice,small,50,1,4586,18676,18835,159,159,14090,14249,0,false,gpu-b
D-large-and-small,fifo,performance,reserved,j0199,alice,small,50,1,4613,18700,18779,79,79,14087,14166,0,false,gpu-a
