scenario,quota_gpus,metric,n,mean,standard_deviation,ci95_low,ci95_high
A-balanced,,gpu_utilisation,20,0.9807181964668572,0.00438135797382514,0.9786676813815623,0.9827687115521521
A-balanced,,gpu_utilisation_percent,20,98.0718196466857,0.4381357973825141,97.86676813815622,98.27687115521518
A-balanced,,hard_rejected_jobs,20,0,0,0,0
A-balanced,,jain_gpu_seconds,20,0.9867742256926253,0.012122390727114237,0.9811008373951418,0.9924476139901088
A-balanced,,jain_mean_wait,20,0.9957472166509713,0.0034707207670925475,0.9941228879993784,0.9973715453025642
A-balanced,,jobs_completed,20,240,0,240,240
A-balanced,,jobs_never_started,20,0,0,0,0
A-balanced,,makespan_s,20,5513.65,67.57006110619359,5482.026601400688,5545.273398599311
A-balanced,,mean_turnaround_s,20,2206.6606249999995,60.48241334141665,2178.354309539696,2234.9669404603032
A-balanced,,mean_wait_s,20,2026.4189583333332,58.678622287740815,1998.9568333702175,2053.881083296449
A-balanced,,normal_users_mean_wait_s,20,2028.1833222766259,57.97200444116887,2001.0519008448332,2055.3147437084185
A-balanced,,normal_users_p95_wait_s,20,3890.1,108.12673485070049,3839.4957119551527,3940.704288044847
A-balanced,,p50_wait_s,20,2020.2,80.36207537075393,1982.5898232425263,2057.810176757474
A-balanced,,p95_turnaround_s,20,4082.7,107.57572608216624,4032.3535890331636,4133.046410966836
A-balanced,,p95_wait_s,20,3900.4,106.47826563497163,3850.5672104299842,3950.232789570016
A-balanced,,quota_block_attempts,20,0,0,0,0
A-balanced,,quota_block_events,20,0,0,0,0
A-balanced,,quota_blocked_jobs,20,0,0,0,0
A-balanced,,quota_blocked_time_s,20,0,0,0,0
A-balanced,,quota_unused_gpu_seconds,20,0,0,0,0
A-balanced,,throughput_per_hour,20,156.72435748089657,1.9202056472026263,155.82568390298306,157.62303105881008
A-balanced,,user.alice.gpu_seconds_received,20,11115.7,1271.3880976070375,10520.678892621394,11710.721107378607
A-balanced,,user.alice.gpu_seconds_share,20,0.2568962862136984,0.02867527152348689,0.24347600026922434,0.2703165721581725
A-balanced,,user.alice.jobs_completed,20,61.55,6.6449426752903396,58.44010683947689,64.65989316052311
A-balanced,,user.alice.mean_wait_s,20,2013.2942391256984,130.3244009991573,1952.3012429297091,2074.2872353216876
A-balanced,,user.alice.p50_wait_s,20,2005.6,223.20615913026285,1901.1375024908687,2110.0624975091314
A-balanced,,user.alice.p95_wait_s,20,3863.15,155.27302778620225,3790.4808212391877,3935.8191787608125
A-balanced,,user.bob.gpu_seconds_received,20,10993.15,1206.480713960192,10428.506134131901,11557.793865868098
A-balanced,,user.bob.gpu_seconds_share,20,0.2541748035079138,0.028221233113114755,0.24096701163841222,0.26738259537741543
A-balanced,,user.bob.jobs_completed,20,60.95,6.353407705608401,57.97654783717557,63.92345216282443
A-balanced,,user.bob.mean_wait_s,20,2001.9431104430828,103.57649427301263,1953.468376066758,2050.4178448194075
A-balanced,,user.bob.p50_wait_s,20,1953.3,176.71925400714576,1870.5937937578888,2036.0062062421111
A-balanced,,user.bob.p95_wait_s,20,3915.35,113.9530258714667,3862.018955159481,3968.681044840519
A-balanced,,user.carol.gpu_seconds_received,20,10399.15,1288.5363493841414,9796.103355980596,11002.196644019403
A-balanced,,user.carol.gpu_seconds_share,20,0.24033064803895413,0.02914449131946401,0.22669076299399155,0.2539705330839167
A-balanced,,user.carol.jobs_completed,20,58,7.462185372015076,54.50762987959541,61.49237012040459
A-balanced,,user.carol.mean_wait_s,20,2082.4758931958613,144.38909030032747,2014.9004954352595,2150.051290956463
A-balanced,,user.carol.p50_wait_s,20,2089.1,234.65358566013413,1979.2800035310627,2198.919996468937
A-balanced,,user.carol.p95_wait_s,20,3911.4,143.0360278501815,3844.4578476810957,3978.3421523189045
A-balanced,,user.dave.gpu_seconds_received,20,10750,1286.263662911425,10148.016993766938,11351.983006233062
A-balanced,,user.dave.gpu_seconds_share,20,0.24859826223943354,0.030485385117315064,0.2343308267919022,0.2628656976869649
A-balanced,,user.dave.jobs_completed,20,59.5,7.430378611873656,56.02251573048319,62.97748426951681
A-balanced,,user.dave.mean_wait_s,20,2015.020046341861,183.71325098339614,1929.040586375223,2100.999506308499
A-balanced,,user.dave.p50_wait_s,20,1960.15,293.181509253945,1822.9384069171676,2097.3615930828328
A-balanced,,user.dave.p95_wait_s,20,3870.5,154.3742888327962,3798.251439182919,3942.748560817081
A-balanced,1,gpu_utilisation,20,0.43724892218165506,0.02672039994425854,0.42474353378423585,0.4497543105790743
A-balanced,1,gpu_utilisation_percent,20,43.72489221816551,2.6720399944258544,42.47435337842359,44.97543105790743
A-balanced,1,hard_rejected_jobs,20,0,0,0,0
A-balanced,1,jain_gpu_seconds,20,0.9867742256926253,0.012122390727114237,0.9811008373951418,0.9924476139901088
A-balanced,1,jain_mean_wait,20,0.9827189367808655,0.015468042621308374,0.9754797531933886,0.9899581203683424
A-balanced,1,jobs_completed,20,240,0,240,240
A-balanced,1,jobs_never_started,20,0,0,0,0
A-balanced,1,makespan_s,20,12411.9,796.4040167494994,12039.175730472094,12784.624269527905
A-balanced,1,mean_turnaround_s,20,4984.086874999999,108.79221015939116,4933.171138502979,5035.002611497019
A-balanced,1,mean_wait_s,20,4803.845208333334,107.37108644022105,4753.594570566352,4854.0958461003165
A-balanced,1,normal_users_mean_wait_s,20,4733.422371748308,97.32080525523239,4687.87535630673,4778.969387189886
A-balanced,1,normal_users_p95_wait_s,20,9040.225,168.88858636764996,8961.183616906019,9119.266383093982
A-balanced,1,p50_wait_s,20,4706,134.00274938263493,4643.285503553551,4768.714496446449
A-balanced,1,p95_turnaround_s,20,9787.2,557.0930754701966,9526.47541141597,10047.924588584032
A-balanced,1,p95_wait_s,20,9607.2,551.8382295373775,9348.934726751651,9865.46527324835
A-balanced,1,paired_delta_vs_unlimited.gpu_utilisation,20,-0.5434692742852021,0.02552711787287898,-0.5554161959006342,-0.53152235266977
A-balanced,1,paired_delta_vs_unlimited.gpu_utilisation_percent,20,-54.346927428520225,2.552711787287899,-55.54161959006344,-53.15223526697701
A-balanced,1,paired_delta_vs_unlimited.hard_rejected_jobs,20,0,0,0,0
A-balanced,1,paired_delta_vs_unlimited.jain_gpu_seconds,20,0,0,0,0
A-balanced,1,paired_delta_vs_unlimited.jain_mean_wait,20,-0.013028279870106064,0.015782993055173434,-0.020414863103906947,-0.00564169663630518
A-balanced,1,paired_delta_vs_unlimited.jobs_completed,20,0,0,0,0
A-balanced,1,paired_delta_vs_unlimited.jobs_never_started,20,0,0,0,0
A-balanced,1,paired_delta_vs_unlimited.makespan_s,20,6898.25,795.975196320774,6525.726422303996,7270.773577696004
A-balanced,1,paired_delta_vs_unlimited.mean_turnaround_s,20,2777.4262499999995,74.17833249101562,2742.7101207351616,2812.1423792648375
A-balanced,1,paired_delta_vs_unlimited.mean_wait_s,20,2777.4262499999995,74.17833249101552,2742.7101207351616,2812.1423792648375
A-balanced,1,paired_delta_vs_unlimited.normal_users_mean_wait_s,20,2705.239049471683,49.23884895297284,2682.1948236485923,2728.2832752947734
A-balanced,1,paired_delta_vs_unlimited.normal_users_p95_wait_s,20,5150.125,85.94924680481958,5109.899976572128,5190.350023427872
A-balanced,1,paired_delta_vs_unlimited.p50_wait_s,20,2685.8,76.08347216605,2650.192248168234,2721.4077518317663
A-balanced,1,paired_delta_vs_unlimited.p95_turnaround_s,20,5704.5,560.6317395299886,5442.119284690021,5966.880715309979
A-balanced,1,paired_delta_vs_unlimited.p95_wait_s,20,5706.8,560.6435775540746,5444.413744387879,5969.186255612121
A-balanced,1,paired_delta_vs_unlimited.quota_block_attempts,20,47523.7,527.4769239153102,47276.83603770911,47770.563962290886
A-balanced,1,paired_delta_vs_unlimited.quota_block_events,20,236,0,236,236
A-balanced,1,paired_delta_vs_unlimited.quota_blocked_jobs,20,236,0,236,236
A-balanced,1,paired_delta_vs_unlimited.quota_blocked_time_s,20,1152922.85,25769.060745653067,1140862.6969359242,1164983.003064076
A-balanced,1,paired_delta_vs_unlimited.quota_unused_gpu_seconds,20,54607,6461.445430600771,51582.98520654798,57631.01479345202
A-balanced,1,paired_delta_vs_unlimited.throughput_per_hour,20,-86.86171500766264,4.46247093950433,-88.95019169315809,-84.77323832216719
A-balanced,1,paired_delta_vs_unlimited.user.alice.gpu_seconds_received,20,0,0,0,0
A-balanced,1,paired_delta_vs_unlimited.user.alice.gpu_seconds_share,20,0,0,0,0
A-balanced,1,paired_delta_vs_unlimited.user.alice.jobs_completed,20,0,0,0,0
A-balanced,1,paired_delta_vs_unlimited.user.alice.mean_wait_s,20,2880.794842783332,661.0637348895267,2571.411046976098,3190.178638590566
A-balanced,1,paired_delta_vs_unlimited.user.alice.p50_wait_s,20,2875.35,714.4238956191057,2540.9931672522957,3209.706832747704
A-balanced,1,paired_delta_vs_unlimited.user.alice.p95_wait_s,20,5453.35,1118.1154857498773,4930.0618586682795,5976.638141331721
A-balanced,1,paired_delta_vs_unlimited.user.bob.gpu_seconds_received,20,0,0,0,0
A-balanced,1,paired_delta_vs_unlimited.user.bob.gpu_seconds_share,20,0,0,0,0
A-balanced,1,paired_delta_vs_unlimited.user.bob.jobs_completed,20,0,0,0,0
A-balanced,1,paired_delta_vs_unlimited.user.bob.mean_wait_s,20,2820.979711911095,675.0986108764953,2505.02746743944,3136.93195638275
A-balanced,1,paired_delta_vs_unlimited.user.bob.p50_wait_s,20,2823.35,779.2984209834949,2458.631303714612,3188.068696285388
A-balanced,1,paired_delta_vs_unlimited.user.bob.p95_wait_s,20,5293.65,1158.6054355401404,4751.4121966356915,5835.887803364308
A-balanced,1,paired_delta_vs_unlimited.user.carol.gpu_seconds_received,20,0,0,0,0
A-balanced,1,paired_delta_vs_unlimited.user.carol.gpu_seconds_share,20,0,0,0,0
A-balanced,1,paired_delta_vs_unlimited.user.carol.jobs_completed,20,0,0,0,0
A-balanced,1,paired_delta_vs_unlimited.user.carol.mean_wait_s,20,2412.3548589382044,656.9875970359238,2104.8787324445684,2719.8309854318404
A-balanced,1,paired_delta_vs_unlimited.user.carol.p50_wait_s,20,2349.75,643.964192777011,2048.368944270801,2651.131055729199
A-balanced,1,paired_delta_vs_unlimited.user.carol.p95_wait_s,20,4727.7,1218.5271134922643,4157.418310399723,5297.981689600277
A-balanced,1,paired_delta_vs_unlimited.user.dave.gpu_seconds_received,20,0,0,0,0
A-balanced,1,paired_delta_vs_unlimited.user.dave.gpu_seconds_share,20,0,0,0,0
A-balanced,1,paired_delta_vs_unlimited.user.dave.jobs_completed,20,0,0,0,0
A-balanced,1,paired_delta_vs_unlimited.user.dave.mean_wait_s,20,2706.8267842540995,653.8677519595518,2400.810773421202,3012.842795086997
A-balanced,1,paired_delta_vs_unlimited.user.dave.p50_wait_s,20,2720.7,701.3048064707295,2392.483019408815,3048.9169805911847
A-balanced,1,paired_delta_vs_unlimited.user.dave.p95_wait_s,20,5125.8,1213.6955137100904,4557.779542715969,5693.820457284031
A-balanced,1,quota_block_attempts,20,47523.7,527.4769239153102,47276.83603770911,47770.563962290886
A-balanced,1,quota_block_events,20,236,0,236,236
A-balanced,1,quota_blocked_jobs,20,236,0,236,236
A-balanced,1,quota_blocked_time_s,20,1152922.85,25769.060745653067,1140862.6969359242,1164983.003064076
A-balanced,1,quota_unused_gpu_seconds,20,54607,6461.445430600771,51582.98520654798,57631.01479345202
A-balanced,1,throughput_per_hour,20,69.86264247323395,4.1443076575462845,67.92306907597457,71.80221587049333
A-balanced,1,user.alice.gpu_seconds_received,20,11115.7,1271.3880976070375,10520.678892621394,11710.721107378607
A-balanced,1,user.alice.gpu_seconds_share,20,0.2568962862136984,0.02867527152348689,0.24347600026922434,0.2703165721581725
A-balanced,1,user.alice.jobs_completed,20,61.55,6.6449426752903396,58.44010683947689,64.65989316052311
A-balanced,1,user.alice.mean_wait_s,20,4894.089081909031,646.8643069206674,4591.350746579267,5196.827417238795
A-balanced,1,user.alice.p50_wait_s,20,4880.95,690.477445418443,4557.800322127352,5204.099677872648
A-balanced,1,user.alice.p95_wait_s,20,9316.5,1198.0649529883376,8755.794786241617,9877.205213758383
A-balanced,1,user.bob.gpu_seconds_received,20,10993.15,1206.480713960192,10428.506134131901,11557.793865868098
A-balanced,1,user.bob.gpu_seconds_share,20,0.2541748035079138,0.028221233113114755,0.24096701163841222,0.26738259537741543
A-balanced,1,user.bob.jobs_completed,20,60.95,6.353407705608401,57.97654783717557,63.92345216282443
A-balanced,1,user.bob.mean_wait_s,20,4822.922822354178,629.694490851101,4528.2201159487595,5117.625528759596
A-balanced,1,user.bob.p50_wait_s,20,4776.65,688.5871328115885,4454.385005492517,5098.914994507482
A-balanced,1,user.bob.p95_wait_s,20,9209,1136.5198958593776,8677.09842858771,9740.90157141229
A-balanced,1,user.carol.gpu_seconds_received,20,10399.15,1288.5363493841414,9796.103355980596,11002.196644019403
A-balanced,1,user.carol.gpu_seconds_share,20,0.24033064803895413,0.02914449131946401,0.22669076299399155,0.2539705330839167
A-balanced,1,user.carol.jobs_completed,20,58,7.462185372015076,54.50762987959541,61.49237012040459
A-balanced,1,user.carol.mean_wait_s,20,4494.830752134066,648.018783598374,4191.552111296876,4798.109392971255
A-balanced,1,user.carol.p50_wait_s,20,4438.85,640.3484474959913,4139.161145704148,4738.538854295853
A-balanced,1,user.carol.p95_wait_s,20,8639.1,1230.5806460024428,8063.1771483693965,9215.022851630605
A-balanced,1,user.dave.gpu_seconds_received,20,10750,1286.263662911425,10148.016993766938,11351.983006233062
A-balanced,1,user.dave.gpu_seconds_share,20,0.24859826223943354,0.030485385117315064,0.2343308267919022,0.2628656976869649
A-balanced,1,user.dave.jobs_completed,20,59.5,7.430378611873656,56.02251573048319,62.97748426951681
A-balanced,1,user.dave.mean_wait_s,20,4721.846830595961,610.7335439871786,4436.018018496423,5007.6756426955
A-balanced,1,user.dave.p50_wait_s,20,4680.85,611.7727712837591,4394.53482014384,4967.165179856161
A-balanced,1,user.dave.p95_wait_s,20,8996.3,1175.2930698340733,8446.25223313533,9546.347766864668
A-balanced,2,gpu_utilisation,20,0.8661274554299533,0.05327460915660364,0.8411944573979688,0.8910604534619377
A-balanced,2,gpu_utilisation_percent,20,86.61274554299536,5.327460915660365,84.11944573979692,89.1060453461938
A-balanced,2,hard_rejected_jobs,20,0,0,0,0
A-balanced,2,jain_gpu_seconds,20,0.9867742256926253,0.012122390727114237,0.9811008373951418,0.9924476139901088
A-balanced,2,jain_mean_wait,20,0.976582073188422,0.020592294857749393,0.9669446932941265,0.9862194530827176
A-balanced,2,jobs_completed,20,240,0,240,240
A-balanced,2,jobs_never_started,20,0,0,0,0
A-balanced,2,makespan_s,20,6266.15,403.32568464546966,6077.389938486385,6454.910061513614
A-balanced,2,mean_turnaround_s,20,2249.3333333333335,61.20639262505602,2220.6881890324253,2277.9784776342417
A-balanced,2,mean_wait_s,20,2069.0916666666667,59.6995552490119,2041.151735861009,2097.0315974723244
A-balanced,2,normal_users_mean_wait_s,20,2033.956037389722,57.50385769478183,2007.0437128615224,2060.8683619179214
A-balanced,2,normal_users_p95_wait_s,20,3917.6125,98.22679433331824,3871.641473490889,3963.5835265091114
A-balanced,2,p50_wait_s,20,2013.6,87.52286919188006,1972.6385070888073,2054.5614929111925
A-balanced,2,p95_turnaround_s,20,4414.4,303.88872617248705,4272.177332737847,4556.622667262152
A-balanced,2,p95_wait_s,20,4231.45,303.875402963642,4089.2335681198642,4373.666431880135
A-balanced,2,paired_delta_vs_unlimited.gpu_utilisation,20,-0.11459074103690377,0.051820320521646236,-0.13884311885886017,-0.09033836321494737
A-balanced,2,paired_delta_vs_unlimited.gpu_utilisation_percent,20,-11.45907410369038,5.182032052164625,-13.884311885886019,-9.033836321494741
A-balanced,2,paired_delta_vs_unlimited.hard_rejected_jobs,20,0,0,0,0
A-balanced,2,paired_delta_vs_unlimited.jain_gpu_seconds,20,0,0,0,0
A-balanced,2,paired_delta_vs_unlimited.jain_mean_wait,20,-0.019165143462549678,0.020705855713247248,-0.028855670862410573,-0.009474616062688785
A-balanced,2,paired_delta_vs_unlimited.jobs_completed,20,0,0,0,0
A-balanced,2,paired_delta_vs_unlimited.jobs_never_started,20,0,0,0,0
A-balanced,2,paired_delta_vs_unlimited.makespan_s,20,752.5,406.1072583236575,562.4381368938067,942.5618631061933
A-balanced,2,paired_delta_vs_unlimited.mean_turnaround_s,20,42.67270833333341,32.83083227725394,27.30758244097915,58.037834225687675
A-balanced,2,paired_delta_vs_unlimited.mean_wait_s,20,42.67270833333333,32.83083227725396,27.30758244097906,58.037834225687604
A-balanced,2,paired_delta_vs_unlimited.normal_users_mean_wait_s,20,5.772715113095979,11.774207879428467,0.2622795316164135,11.283150694575543
A-balanced,2,paired_delta_vs_unlimited.normal_users_p95_wait_s,20,27.5125,31.784893279504235,12.63688300100637,42.38811699899363
A-balanced,2,paired_delta_vs_unlimited.p50_wait_s,20,-6.6,36.91155859476455,-23.87494264848428,10.674942648484278
A-balanced,2,paired_delta_vs_unlimited.p95_turnaround_s,20,331.7,307.9707949243171,187.56688771033654,475.8331122896634
A-balanced,2,paired_delta_vs_unlimited.p95_wait_s,20,331.05,314.29193184212136,183.9585385675352,478.14146143246484
A-balanced,2,paired_delta_vs_unlimited.quota_block_attempts,20,40276.05,851.0701297716151,39877.741496068986,40674.35850393102
A-balanced,2,paired_delta_vs_unlimited.quota_block_events,20,232,0,232,232
A-balanced,2,paired_delta_vs_unlimited.quota_blocked_jobs,20,232,0,232,232
A-balanced,2,paired_delta_vs_unlimited.quota_blocked_time_s,20,496582,14327.893259762857,489876.4166066422,503287.5833933578
A-balanced,2,paired_delta_vs_unlimited.quota_unused_gpu_seconds,20,5479.15,3310.262961012709,3929.917050215884,7028.382949784115
A-balanced,2,paired_delta_vs_unlimited.throughput_per_hour,20,-18.33797232532261,8.360375676091424,-22.250703616619187,-14.425241034026033
A-balanced,2,paired_delta_vs_unlimited.user.alice.gpu_seconds_received,20,0,0,0,0
A-balanced,2,paired_delta_vs_unlimited.user.alice.gpu_seconds_share,20,0,0,0,0
A-balanced,2,paired_delta_vs_unlimited.user.alice.jobs_completed,20,0,0,0,0
A-balanced,2,paired_delta_vs_unlimited.user.alice.mean_wait_s,20,100.49306742008477,366.9891366971179,-71.26116161858494,272.2472964587545
A-balanced,2,paired_delta_vs_unlimited.user.alice.p50_wait_s,20,113.4,421.12310989093265,-83.68941719814168,310.4894171981417
A-balanced,2,paired_delta_vs_unlimited.user.alice.p95_wait_s,20,204.2,534.2579310053387,-45.837534825856835,454.2375348258568
A-balanced,2,paired_delta_vs_unlimited.user.bob.gpu_seconds_received,20,0,0,0,0
A-balanced,2,paired_delta_vs_unlimited.user.bob.gpu_seconds_share,20,0,0,0,0
A-balanced,2,paired_delta_vs_unlimited.user.bob.jobs_completed,20,0,0,0,0
A-balanced,2,paired_delta_vs_unlimited.user.bob.mean_wait_s,20,77.96605809489816,369.95732049492244,-95.17730775698936,251.10942394678568
A-balanced,2,paired_delta_vs_unlimited.user.bob.p50_wait_s,20,109.05,465.0093915293823,-108.57859319671302,326.678593196713
A-balanced,2,paired_delta_vs_unlimited.user.bob.p95_wait_s,20,79.65,578.8803416942054,-191.2712258655687,350.57122586556875
A-balanced,2,paired_delta_vs_unlimited.user.carol.gpu_seconds_received,20,0,0,0,0
A-balanced,2,paired_delta_vs_unlimited.user.carol.gpu_seconds_share,20,0,0,0,0
A-balanced,2,paired_delta_vs_unlimited.user.carol.jobs_completed,20,0,0,0,0
A-balanced,2,paired_delta_vs_unlimited.user.carol.mean_wait_s,20,-173.0664906065436,348.6164366738665,-336.2221301712784,-9.910851041808797
A-balanced,2,paired_delta_vs_unlimited.user.carol.p50_wait_s,20,-211,368.8592657027025,-383.62946629622957,-38.370533703770434
A-balanced,2,paired_delta_vs_unlimited.user.carol.p95_wait_s,20,-193.2,612.9501224664034,-480.0661908384006,93.66619083840061
A-balanced,2,paired_delta_vs_unlimited.user.dave.gpu_seconds_received,20,0,0,0,0
A-balanced,2,paired_delta_vs_unlimited.user.dave.gpu_seconds_share,20,0,0,0,0
A-balanced,2,paired_delta_vs_unlimited.user.dave.jobs_completed,20,0,0,0,0
A-balanced,2,paired_delta_vs_unlimited.user.dave.mean_wait_s,20,17.698225543944694,369.17399749625633,-155.07853807296934,190.4749891608587
A-balanced,2,paired_delta_vs_unlimited.user.dave.p50_wait_s,20,62.15,452.7728924143573,-149.75180114355194,274.0518011435519
A-balanced,2,paired_delta_vs_unlimited.user.dave.p95_wait_s,20,19.4,640.8750103938899,-280.5352904857155,319.33529048571546
A-balanced,2,quota_block_attempts,20,40276.05,851.0701297716151,39877.741496068986,40674.35850393102
A-balanced,2,quota_block_events,20,232,0,232,232
A-balanced,2,quota_blocked_jobs,20,232,0,232,232
A-balanced,2,quota_blocked_time_s,20,496582,14327.893259762857,489876.4166066422,503287.5833933578
A-balanced,2,quota_unused_gpu_seconds,20,5479.15,3310.262961012709,3929.917050215884,7028.382949784115
A-balanced,2,throughput_per_hour,20,138.38638515557392,8.237869798725386,134.5309877208298,142.24178259031802
A-balanced,2,user.alice.gpu_seconds_received,20,11115.7,1271.3880976070375,10520.678892621394,11710.721107378607
A-balanced,2,user.alice.gpu_seconds_share,20,0.2568962862136984,0.02867527152348689,0.24347600026922434,0.2703165721581725
A-balanced,2,user.alice.jobs_completed,20,61.55,6.6449426752903396,58.44010683947689,64.65989316052311
A-balanced,2,user.alice.mean_wait_s,20,2113.7873065457834,336.2755700601131,1956.407303965812,2271.167309125755
A-balanced,2,user.alice.p50_wait_s,20,2119,355.58787499309545,1952.581664365877,2285.4183356341227
A-balanced,2,user.alice.p95_wait_s,20,4067.35,607.0681289261483,3783.2366352392573,4351.4633647607425
A-balanced,2,user.bob.gpu_seconds_received,20,10993.15,1206.480713960192,10428.506134131901,11557.793865868098
A-balanced,2,user.bob.gpu_seconds_share,20,0.2541748035079138,0.028221233113114755,0.24096701163841222,0.26738259537741543
A-balanced,2,user.bob.jobs_completed,20,60.95,6.353407705608401,57.97654783717557,63.92345216282443
A-balanced,2,user.bob.mean_wait_s,20,2079.9091685379803,315.12883138003366,1932.4260305665023,2227.392306509458
A-balanced,2,user.bob.p50_wait_s,20,2062.35,355.4580847301127,1895.9924073806592,2228.7075926193406
A-balanced,2,user.bob.p95_wait_s,20,3995,553.3037616278955,3736.0488445029187,4253.951155497081
A-balanced,2,user.carol.gpu_seconds_received,20,10399.15,1288.5363493841414,9796.103355980596,11002.196644019403
A-balanced,2,user.carol.gpu_seconds_share,20,0.24033064803895413,0.02914449131946401,0.22669076299399155,0.2539705330839167
A-balanced,2,user.carol.jobs_completed,20,58,7.462185372015076,54.50762987959541,61.49237012040459
A-balanced,2,user.carol.mean_wait_s,20,1909.4094025893178,322.0292625507668,1758.6968005349784,2060.1220046436574
A-balanced,2,user.carol.p50_wait_s,20,1878.1,325.2691031648783,1725.8711232899773,2030.3288767100225
A-balanced,2,user.carol.p95_wait_s,20,3718.2,615.5378991281998,3430.1227063222314,4006.2772936777683
A-balanced,2,user.dave.gpu_seconds_received,20,10750,1286.263662911425,10148.016993766938,11351.983006233062
A-balanced,2,user.dave.gpu_seconds_share,20,0.24859826223943354,0.030485385117315064,0.2343308267919022,0.2628656976869649
A-balanced,2,user.dave.jobs_completed,20,59.5,7.430378611873656,56.02251573048319,62.97748426951681
A-balanced,2,user.dave.mean_wait_s,20,2032.7182718858057,301.73591648781945,1891.5031389909773,2173.933404780634
A-balanced,2,user.dave.p50_wait_s,20,2022.3,298.1170910900615,1882.7785100609588,2161.8214899390414
A-balanced,2,user.dave.p95_wait_s,20,3889.9,599.3920516481239,3609.3791087026243,4170.420891297376
A-balanced,4,gpu_utilisation,20,0.9808278383928849,0.005026157714058612,0.9784755512081081,0.9831801255776617
A-balanced,4,gpu_utilisation_percent,20,98.0827838392885,0.5026157714058604,97.84755512081082,98.31801255776617
A-balanced,4,hard_rejected_jobs,20,0,0,0,0
A-balanced,4,jain_gpu_seconds,20,0.9867742256926253,0.012122390727114237,0.9811008373951418,0.9924476139901088
A-balanced,4,jain_mean_wait,20,0.995853314906533,0.003396251682974268,0.9942638384585912,0.9974427913544747
A-balanced,4,jobs_completed,20,240,0,240,240
A-balanced,4,jobs_never_started,20,0,0,0,0
A-balanced,4,makespan_s,20,5513,63.047183667639366,5483.49334887307,5542.50665112693
A-balanced,4,mean_turnaround_s,20,2206.819791666667,60.3618527189189,2178.569899666076,2235.069683667258
A-balanced,4,mean_wait_s,20,2026.5781249999995,58.554814357948295,1999.1739432657264,2053.9823067342727
A-balanced,4,normal_users_mean_wait_s,20,2028.144662031376,57.91253564155617,2001.0410725346678,2055.248251528084
A-balanced,4,normal_users_p95_wait_s,20,3891.325,110.078204855505,3839.8074063756367,3942.842593624363
A-balanced,4,p50_wait_s,20,2025.95,83.99904448078091,1986.6376888656014,2065.2623111343987
A-balanced,4,p95_turnaround_s,20,4083.35,105.84013515924059,4033.8158612534708,4132.884138746529
A-balanced,4,p95_wait_s,20,3903.15,108.68025289085892,3852.286660515369,3954.013339484631
A-balanced,4,paired_delta_vs_unlimited.gpu_utilisation,20,0.00010964192602770928,0.003393349614439635,-0.0014784763276408162,0.0016977601796962349
A-balanced,4,paired_delta_vs_unlimited.gpu_utilisation_percent,20,0.010964192602769174,0.3393349614439614,-0.1478476327640824,0.16977601796962075
A-balanced,4,paired_delta_vs_unlimited.hard_rejected_jobs,20,0,0,0,0
A-balanced,4,paired_delta_vs_unlimited.jain_gpu_seconds,20,0,0,0,0
A-balanced,4,paired_delta_vs_unlimited.jain_mean_wait,20,0.00010609825556156526,0.0002289987316557252,-0.0000010752181830355617,0.0002132717293061661
A-balanced,4,paired_delta_vs_unlimited.jobs_completed,20,0,0,0,0
A-balanced,4,paired_delta_vs_unlimited.jobs_never_started,20,0,0,0,0
A-balanced,4,paired_delta_vs_unlimited.makespan_s,20,-0.65,19.25254596970981,-9.660365319854508,8.360365319854507
A-balanced,4,paired_delta_vs_unlimited.mean_turnaround_s,20,0.1591666666666697,0.6531729238272918,-0.14652415832763663,0.464857491660976
A-balanced,4,paired_delta_vs_unlimited.mean_wait_s,20,0.15916666666660148,0.6531729238272276,-0.14652415832767482,0.46485749166087775
A-balanced,4,paired_delta_vs_unlimited.normal_users_mean_wait_s,20,-0.038660245249923265,0.8119078496299037,-0.41864044852966636,0.3413199580298198
A-balanced,4,paired_delta_vs_unlimited.normal_users_p95_wait_s,20,1.225,5.233306793987909,-1.2242348242614467,3.674234824261447
A-balanced,4,paired_delta_vs_unlimited.p50_wait_s,20,5.75,13.821702995080257,-0.7186817797572296,12.21868177975723
A-balanced,4,paired_delta_vs_unlimited.p95_turnaround_s,20,0.65,8.21599851381117,-3.1951614759570512,4.495161475957051
A-balanced,4,paired_delta_vs_unlimited.p95_wait_s,20,2.75,11.219696027405039,-2.5009190287711087,8.000919028771108
A-balanced,4,paired_delta_vs_unlimited.quota_block_attempts,20,5048.45,1272.1836790172615,4453.056553339146,5643.843446660853
A-balanced,4,paired_delta_vs_unlimited.quota_block_events,20,722.85,101.21071037561609,675.4824738452223,770.2175261547777
A-balanced,4,paired_delta_vs_unlimited.quota_blocked_jobs,20,198.8,8.395487509746873,194.87083605357392,202.7291639464261
A-balanced,4,paired_delta_vs_unlimited.quota_blocked_time_s,20,58875.35,12004.038203323169,53257.351752100636,64493.34824789936
A-balanced,4,paired_delta_vs_unlimited.quota_unused_gpu_seconds,20,22.9,94.93094443081411,-21.528539000825752,67.32853900082574
A-balanced,4,paired_delta_vs_unlimited.throughput_per_hour,20,0.0156398072601192,0.543248734204263,-0.23860550462902463,0.26988511914926305
A-balanced,4,paired_delta_vs_unlimited.user.alice.gpu_seconds_received,20,0,0,0,0
A-balanced,4,paired_delta_vs_unlimited.user.alice.gpu_seconds_share,20,0,0,0,0
A-balanced,4,paired_delta_vs_unlimited.user.alice.jobs_completed,20,0,0,0,0
A-balanced,4,paired_delta_vs_unlimited.user.alice.mean_wait_s,20,0.3686118255755787,4.289189445632175,-1.6387675564559738,2.375991207607131
A-balanced,4,paired_delta_vs_unlimited.user.alice.p50_wait_s,20,1.35,15.100627383271897,-5.71722993916473,8.41722993916473
A-balanced,4,paired_delta_vs_unlimited.user.alice.p95_wait_s,20,6.65,25.24672985598437,-5.16569749226916,18.46569749226916
A-balanced,4,paired_delta_vs_unlimited.user.bob.gpu_seconds_received,20,0,0,0,0
A-balanced,4,paired_delta_vs_unlimited.user.bob.gpu_seconds_share,20,0,0,0,0
A-balanced,4,paired_delta_vs_unlimited.user.bob.jobs_completed,20,0,0,0,0
A-balanced,4,paired_delta_vs_unlimited.user.bob.mean_wait_s,20,-0.33132405499403605,5.9563238908820635,-3.1189374077766727,2.456289297788601
A-balanced,4,paired_delta_vs_unlimited.user.bob.p50_wait_s,20,-2.95,28.999954627913688,-16.522240568484474,10.622240568484475
A-balanced,4,paired_delta_vs_unlimited.user.bob.p95_wait_s,20,5.6,18.5398574910778,-3.076820677923573,14.276820677923572
A-balanced,4,paired_delta_vs_unlimited.user.carol.gpu_seconds_received,20,0,0,0,0
A-balanced,4,paired_delta_vs_unlimited.user.carol.gpu_seconds_share,20,0,0,0,0
A-balanced,4,paired_delta_vs_unlimited.user.carol.jobs_completed,20,0,0,0,0
A-balanced,4,paired_delta_vs_unlimited.user.carol.mean_wait_s,20,-2.2161174232397345,3.8689659711283264,-4.02682842555593,-0.4054064209235384
A-balanced,4,paired_delta_vs_unlimited.user.carol.p50_wait_s,20,5.2,22.218058089382115,-5.198251763587348,15.59825176358735
A-balanced,4,paired_delta_vs_unlimited.user.carol.p95_wait_s,20,-5.75,32.273298397803785,-20.85419500352817,9.354195003528167
A-balanced,4,paired_delta_vs_unlimited.user.dave.gpu_seconds_received,20,0,0,0,0
A-balanced,4,paired_delta_vs_unlimited.user.dave.gpu_seconds_share,20,0,0,0,0
A-balanced,4,paired_delta_vs_unlimited.user.dave.jobs_completed,20,0,0,0,0
A-balanced,4,paired_delta_vs_unlimited.user.dave.mean_wait_s,20,2.0241886716585555,7.117864230357072,-1.3070360460253125,5.355413389342424
A-balanced,4,paired_delta_vs_unlimited.user.dave.p50_wait_s,20,-3,22.391257692515435,-13.479310741446188,7.479310741446188
A-balanced,4,paired_delta_vs_unlimited.user.dave.p95_wait_s,20,-1.6,17.72717212583404,-9.896476590317373,6.696476590317374
A-balanced,4,quota_block_attempts,20,5048.45,1272.1836790172615,4453.056553339146,5643.843446660853
A-balanced,4,quota_block_events,20,722.85,101.21071037561609,675.4824738452223,770.2175261547777
A-balanced,4,quota_blocked_jobs,20,198.8,8.395487509746873,194.87083605357392,202.7291639464261
A-balanced,4,quota_blocked_time_s,20,58875.35,12004.038203323169,53257.351752100636,64493.34824789936
A-balanced,4,quota_unused_gpu_seconds,20,22.9,94.93094443081411,-21.528539000825752,67.32853900082574
A-balanced,4,throughput_per_hour,20,156.73999728815667,1.796661251999457,155.89914360251885,157.5808509737945
A-balanced,4,user.alice.gpu_seconds_received,20,11115.7,1271.3880976070375,10520.678892621394,11710.721107378607
A-balanced,4,user.alice.gpu_seconds_share,20,0.2568962862136984,0.02867527152348689,0.24347600026922434,0.2703165721581725
A-balanced,4,user.alice.jobs_completed,20,61.55,6.6449426752903396,58.44010683947689,64.65989316052311
A-balanced,4,user.alice.mean_wait_s,20,2013.6628509512739,128.86137384865447,1953.3545646694765,2073.971137233071
A-balanced,4,user.alice.p50_wait_s,20,2006.95,226.39450314137835,1900.995328710283,2112.904671289717
A-balanced,4,user.alice.p95_wait_s,20,3869.8,155.64182904145153,3796.9582189223074,3942.641781077693
A-balanced,4,user.bob.gpu_seconds_received,20,10993.15,1206.480713960192,10428.506134131901,11557.793865868098
A-balanced,4,user.bob.gpu_seconds_share,20,0.2541748035079138,0.028221233113114755,0.24096701163841222,0.26738259537741543
A-balanced,4,user.bob.jobs_completed,20,60.95,6.353407705608401,57.97654783717557,63.92345216282443
A-balanced,4,user.bob.mean_wait_s,20,2001.6117863880886,101.42115469282545,1954.1457703930307,2049.0778023831467
A-balanced,4,user.bob.p50_wait_s,20,1950.35,161.99716534232124,1874.5338641594897,2026.1661358405102
A-balanced,4,user.bob.p95_wait_s,20,3920.95,118.52269380742416,3865.480309311904,3976.4196906880957
A-balanced,4,user.carol.gpu_seconds_received,20,10399.15,1288.5363493841414,9796.103355980596,11002.196644019403
A-balanced,4,user.carol.gpu_seconds_share,20,0.24033064803895413,0.02914449131946401,0.22669076299399155,0.2539705330839167
A-balanced,4,user.carol.jobs_completed,20,58,7.462185372015076,54.50762987959541,61.49237012040459
A-balanced,4,user.carol.mean_wait_s,20,2080.2597757726217,144.42781256022252,2012.6662556448164,2147.853295900427
A-balanced,4,user.carol.p50_wait_s,20,2094.3,239.0730124107652,1982.41167191455,2206.1883280854504
A-balanced,4,user.carol.p95_wait_s,20,3905.65,148.63458370676796,3836.087672998183,3975.2123270018174
A-balanced,4,user.dave.gpu_seconds_received,20,10750,1286.263662911425,10148.016993766938,11351.983006233062
A-balanced,4,user.dave.gpu_seconds_share,20,0.24859826223943354,0.030485385117315064,0.2343308267919022,0.2628656976869649
A-balanced,4,user.dave.jobs_completed,20,59.5,7.430378611873656,56.02251573048319,62.97748426951681
A-balanced,4,user.dave.mean_wait_s,20,2017.0442350135193,181.58289046610184,1932.061803001211,2102.0266670258275
A-balanced,4,user.dave.p50_wait_s,20,1957.15,289.0227226543379,1821.8847565900228,2092.4152434099774
A-balanced,4,user.dave.p95_wait_s,20,3868.9,153.1356124142052,3797.231150929207,3940.568849070793
B-heavy,,gpu_utilisation,20,0.9807181964668572,0.00438135797382514,0.9786676813815623,0.9827687115521521
B-heavy,,gpu_utilisation_percent,20,98.0718196466857,0.4381357973825141,97.86676813815622,98.27687115521518
B-heavy,,hard_rejected_jobs,20,0,0,0,0
B-heavy,,heavy_to_normal_wait_ratio,20,1.013843702698222,0.10476223630237105,0.9648140303476455,1.0628733750487989
B-heavy,,heavy_user_mean_wait_s,20,2029.600037476685,57.84856970639594,2002.5263846150965,2056.6736903382734
B-heavy,,heavy_user_p95_wait_s,20,3898.6,125.20232047622592,3840.004183729301,3957.1958162706987
B-heavy,,jain_gpu_seconds,20,0.4704006923990042,0.037587181016140975,0.4528095523580055,0.48799183244000294
B-heavy,,jain_mean_wait,20,0.9913170465796979,0.007335650348591045,0.9878838959925748,0.994750197166821
B-heavy,,jobs_completed,20,240,0,240,240
B-heavy,,jobs_never_started,20,0,0,0,0
B-heavy,,makespan_s,20,5513.65,67.57006110619359,5482.026601400688,5545.273398599311
B-heavy,,mean_turnaround_s,20,2206.6606249999995,60.48241334141665,2178.354309539696,2234.9669404603032
B-heavy,,mean_wait_s,20,2026.4189583333332,58.678622287740815,1998.9568333702175,2053.881083296449
B-heavy,,normal_users_mean_wait_s,20,2017.7005120604372,169.0322919833412,1938.5918734409822,2096.8091506798924
B-heavy,,normal_users_p95_wait_s,20,3795.7999999999993,161.50539614036475,3720.214016585545,3871.3859834144537
B-heavy,,p50_wait_s,20,2020.2,80.36207537075393,1982.5898232425263,2057.810176757474
B-heavy,,p95_turnaround_s,20,4082.7,107.57572608216624,4032.3535890331636,4133.046410966836
B-heavy,,p95_wait_s,20,3900.4,106.47826563497163,3850.5672104299842,3950.232789570016
B-heavy,,quota_block_attempts,20,0,0,0,0
B-heavy,,quota_block_events,20,0,0,0,0
B-heavy,,quota_blocked_jobs,20,0,0,0,0
B-heavy,,quota_blocked_time_s,20,0,0,0,0
B-heavy,,quota_unused_gpu_seconds,20,0,0,0,0
B-heavy,,throughput_per_hour,20,156.72435748089657,1.9202056472026263,155.82568390298306,157.62303105881008
B-heavy,,user.alice.gpu_seconds_received,20,4011.6,958.2863762713987,3563.1133247919724,4460.086675208027
B-heavy,,user.alice.gpu_seconds_share,20,0.0927739923825789,0.02230806572777951,0.08233361623166045,0.10321436853349734
B-heavy,,user.alice.jobs_completed,20,22.2,5.074186478742443,19.825234919762423,24.574765080237576
B-heavy,,user.alice.mean_wait_s,20,2003.7962827499164,256.19932823598356,1883.8926842471817,2123.6998812526513
B-heavy,,user.alice.p50_wait_s,20,2030.85,413.8613135364373,1837.1591690530136,2224.5408309469863
B-heavy,,user.alice.p95_wait_s,20,3790.95,288.3852458084498,3655.983101508842,3925.9168984911576
B-heavy,,user.bob.gpu_seconds_received,20,4402,644.2807495265758,4100.470792854228,4703.529207145772
B-heavy,,user.bob.gpu_seconds_share,20,0.10185088445460475,0.015526412805092676,0.09458438309416879,0.1091173858150407
B-heavy,,user.bob.jobs_completed,20,24.75,3.2261268941010526,23.24014348908493,26.25985651091507
B-heavy,,user.bob.mean_wait_s,20,2079.729460499681,245.45712759974813,1964.8533088719694,2194.6056121273928
B-heavy,,user.bob.p50_wait_s,20,1967,410.76590849162176,1774.7578465583465,2159.2421534416535
B-heavy,,user.bob.p95_wait_s,20,3830.85,136.72071994821377,3766.863468791863,3894.836531208137
B-heavy,,user.carol.gpu_seconds_received,20,4125.5,966.5375806127986,3673.1516866708766,4577.848313329123
B-heavy,,user.carol.gpu_seconds_share,20,0.09533687423363132,0.022112856296286766,0.08498785785894185,0.1056858906083208
B-heavy,,user.carol.jobs_completed,20,22.65,5.450977700810823,20.098893226279806,25.20110677372019
B-heavy,,user.carol.mean_wait_s,20,1969.5757929317137,269.3197584216202,1843.5317146549155,2095.619871208512
B-heavy,,user.carol.p50_wait_s,20,1831,380.0990175702836,1653.110228360739,2008.889771639261
B-heavy,,user.carol.p95_wait_s,20,3765.6,240.40041159435822,3653.0904371132788,3878.109562886721
B-heavy,,user.hog.gpu_seconds_received,20,30718.9,1560.3219269719543,29988.655252073368,31449.144747926635
B-heavy,,user.hog.gpu_seconds_share,20,0.710038248929185,0.0331120545247516,0.6945415084862143,0.7255349893721557
B-heavy,,user.hog.jobs_completed,20,170.4,8.035447781712703,166.6393378966212,174.1606621033788
B-heavy,,user.hog.mean_wait_s,20,2029.600037476685,57.84856970639594,2002.5263846150965,2056.6736903382734
B-heavy,,user.hog.p50_wait_s,20,2021.85,87.71681408763207,1980.797739126721,2062.902260873279
B-heavy,,user.hog.p95_wait_s,20,3898.6,125.20232047622592,3840.004183729301,3957.1958162706987
B-heavy,1,gpu_utilisation,20,0.1764193218844678,0.008720762905238983,0.17233792611646573,0.18050071765246986
B-heavy,1,gpu_utilisation_percent,20,17.641932188446773,0.8720762905238982,17.233792611646567,18.05007176524698
B-heavy,1,hard_rejected_jobs,20,0,0,0,0
B-heavy,1,heavy_to_normal_wait_ratio,20,10.386585950870266,1.9981354291444313,9.45144053148203,11.321731370258503
B-heavy,1,heavy_user_mean_wait_s,20,14674.194473544796,813.1084243576088,14293.65239045407,15054.736556635522
B-heavy,1,heavy_user_p95_wait_s,20,27906.3,1541.2069467244103,27185.001235393345,28627.598764606653
B-heavy,1,jain_gpu_seconds,20,0.4704006923990042,0.037587181016140975,0.4528095523580055,0.48799183244000294
B-heavy,1,jain_mean_wait,20,0.4094868243646954,0.03538363664075392,0.3929269629842949,0.4260466857450959
B-heavy,1,jobs_completed,20,240,0,240,240
B-heavy,1,jobs_never_started,20,0,0,0,0
B-heavy,1,makespan_s,20,30721.15,1560.55443167181,29990.796437774854,31451.50356222515
B-heavy,1,mean_turnaround_s,20,11067.942708333332,915.9006356918109,10639.292942361908,11496.592474304756
B-heavy,1,mean_wait_s,20,10887.701041666669,914.9796102267086,10459.482323927647,11315.919759405691
B-heavy,1,normal_users_mean_wait_s,20,1452.6509408121556,224.86662918539182,1347.4113283270137,1557.8905532972974
B-heavy,1,normal_users_p95_wait_s,20,2790.016666666667,428.3615387668889,2589.5395994082805,2990.493733925053
B-heavy,1,p50_wait_s,20,8585.45,1387.4901412641686,7936.092088056517,9234.807911943484
B-heavy,1,p95_turnaround_s,20,27422.05,1630.6192390106216,26658.90547541688,28185.19452458312
B-heavy,1,p95_wait_s,20,27244.45,1622.6826545472227,26485.01986859478,28003.88013140522
B-heavy,1,paired_delta_vs_unlimited.gpu_utilisation,20,-0.8042988745823896,0.010116002096997508,-0.8090332548879225,-0.7995644942768566
B-heavy,1,paired_delta_vs_unlimited.gpu_utilisation_percent,20,-80.42988745823894,1.0116002096997503,-80.90332548879223,-79.95644942768564
B-heavy,1,paired_delta_vs_unlimited.hard_rejected_jobs,20,0,0,0,0
B-heavy,1,paired_delta_vs_unlimited.heavy_to_normal_wait_ratio,20,9.372742248172045,2.0156970726408963,8.429377821086376,10.316106675257714
B-heavy,1,paired_delta_vs_unlimited.heavy_user_mean_wait_s,20,12644.594436068111,795.2017217770534,12272.432851441257,13016.756020694966
B-heavy,1,paired_delta_vs_unlimited.heavy_user_p95_wait_s,20,24007.7,1488.5809243776612,23311.03068894308,24704.369311056922
B-heavy,1,paired_delta_vs_unlimited.jain_gpu_seconds,20,0,0,0,0
B-heavy,1,paired_delta_vs_unlimited.jain_mean_wait,20,-0.5818302222150025,0.03502972060691273,-0.5982244476965208,-0.5654359967334841
B-heavy,1,paired_delta_vs_unlimited.jobs_completed,20,0,0,0,0
B-heavy,1,paired_delta_vs_unlimited.jobs_never_started,20,0,0,0,0
B-heavy,1,paired_delta_vs_unlimited.makespan_s,20,25207.5,1533.5811718087557,24489.77016689701,25925.22983310299
B-heavy,1,paired_delta_vs_unlimited.mean_turnaround_s,20,8861.282083333334,893.0935398466127,8443.30624411287,9279.257922553797
B-heavy,1,paired_delta_vs_unlimited.mean_wait_s,20,8861.282083333334,893.0935398466127,8443.30624411287,9279.257922553797
B-heavy,1,paired_delta_vs_unlimited.normal_users_mean_wait_s,20,-565.0495712482816,296.01606294343173,-703.5877610472679,-426.5113814492953
B-heavy,1,paired_delta_vs_unlimited.normal_users_p95_wait_s,20,-1005.7833333333334,457.5097899441462,-1219.9020452840723,-791.6646213825944
B-heavy,1,paired_delta_vs_unlimited.p50_wait_s,20,6565.25,1369.1756596003688,5924.463430812651,7206.036569187349
B-heavy,1,paired_delta_vs_unlimited.p95_turnaround_s,20,23339.35,1588.2088645289766,22596.053913542033,24082.646086457964
B-heavy,1,paired_delta_vs_unlimited.p95_wait_s,20,23344.05,1580.0183368356338,22604.587154444067,24083.51284555593
B-heavy,1,paired_delta_vs_unlimited.quota_block_attempts,20,48165.8,691.0057963044273,47842.40304914293,48489.19695085708
B-heavy,1,paired_delta_vs_unlimited.quota_block_events,20,235.8,0.41039134083406176,235.60793314760357,235.99206685239645
B-heavy,1,paired_delta_vs_unlimited.quota_blocked_jobs,20,235.8,0.41039134083406176,235.60793314760357,235.99206685239645
B-heavy,1,paired_delta_vs_unlimited.quota_blocked_time_s,20,2613048.25,219595.10645441007,2510275.7577426345,2715820.7422573655
B-heavy,1,paired_delta_vs_unlimited.quota_unused_gpu_seconds,20,201163.85,12296.813687742553,195408.83018230586,206918.86981769415
B-heavy,1,paired_delta_vs_unlimited.throughput_per_hour,20,-128.52759395876654,1.9274386478913579,-129.42965264629967,-127.62553527123342
B-heavy,1,paired_delta_vs_unlimited.user.alice.gpu_seconds_received,20,0,0,0,0
B-heavy,1,paired_delta_vs_unlimited.user.alice.gpu_seconds_share,20,0,0,0,0
B-heavy,1,paired_delta_vs_unlimited.user.alice.jobs_completed,20,0,0,0,0
B-heavy,1,paired_delta_vs_unlimited.user.alice.mean_wait_s,20,-656.0770100351267,641.5077371214944,-956.3084223414223,-355.84559772883114
B-heavy,1,paired_delta_vs_unlimited.user.alice.p50_wait_s,20,-734.35,740.1153732962678,-1080.73067623533,-387.96932376466987
B-heavy,1,paired_delta_vs_unlimited.user.alice.p95_wait_s,20,-1151.1,1088.7301584390582,-1660.6355428686118,-641.564457131388
B-heavy,1,paired_delta_vs_unlimited.user.bob.gpu_seconds_received,20,0,0,0,0
B-heavy,1,paired_delta_vs_unlimited.user.bob.gpu_seconds_share,20,0,0,0,0
B-heavy,1,paired_delta_vs_unlimited.user.bob.jobs_completed,20,0,0,0,0
B-heavy,1,paired_delta_vs_unlimited.user.bob.mean_wait_s,20,-512.0140098964733,464.234131021338,-729.2797741766095,-294.74824561633716
B-heavy,1,paired_delta_vs_unlimited.user.bob.p50_wait_s,20,-427.85,616.0123268588911,-716.149330138719,-139.550669861281
B-heavy,1,paired_delta_vs_unlimited.user.bob.p95_wait_s,20,-848.85,635.7951734887415,-1146.4078809549096,-551.2921190450904
B-heavy,1,paired_delta_vs_unlimited.user.carol.gpu_seconds_received,20,0,0,0,0
B-heavy,1,paired_delta_vs_unlimited.user.carol.gpu_seconds_share,20,0,0,0,0
B-heavy,1,paired_delta_vs_unlimited.user.carol.jobs_completed,20,0,0,0,0
B-heavy,1,paired_delta_vs_unlimited.user.carol.mean_wait_s,20,-527.0576938132446,441.2810232902496,-733.581196461674,-320.53419116481507
B-heavy,1,paired_delta_vs_unlimited.user.carol.p50_wait_s,20,-399.95,528.7351814521738,-647.4028381773009,-152.4971618226991
B-heavy,1,paired_delta_vs_unlimited.user.carol.p95_wait_s,20,-1017.4,880.4628208773887,-1429.4645487166429,-605.3354512833571
B-heavy,1,paired_delta_vs_unlimited.user.hog.gpu_seconds_received,20,0,0,0,0
B-heavy,1,paired_delta_vs_unlimited.user.hog.gpu_seconds_share,20,0,0,0,0
B-heavy,1,paired_delta_vs_unlimited.user.hog.jobs_completed,20,0,0,0,0
B-heavy,1,paired_delta_vs_unlimited.user.hog.mean_wait_s,20,12644.594436068111,795.2017217770534,12272.432851441257,13016.756020694966
B-heavy,1,paired_delta_vs_unlimited.user.hog.p50_wait_s,20,12578.9,851.1797323962227,12180.540201051208,12977.259798948791
B-heavy,1,paired_delta_vs_unlimited.user.hog.p95_wait_s,20,24007.7,1488.5809243776612,23311.03068894308,24704.369311056922
B-heavy,1,quota_block_attempts,20,48165.8,691.0057963044273,47842.40304914293,48489.19695085708
B-heavy,1,quota_block_events,20,235.8,0.41039134083406176,235.60793314760357,235.99206685239645
B-heavy,1,quota_blocked_jobs,20,235.8,0.41039134083406176,235.60793314760357,235.99206685239645
B-heavy,1,quota_blocked_time_s,20,2613048.25,219595.10645441007,2510275.7577426345,2715820.7422573655
B-heavy,1,quota_unused_gpu_seconds,20,201163.85,12296.813687742553,195408.83018230586,206918.86981769415
B-heavy,1,throughput_per_hour,20,28.196763522130045,1.5134525999134234,27.488454042388593,28.905073001871497
B-heavy,1,user.alice.gpu_seconds_received,20,4011.6,958.2863762713987,3563.1133247919724,4460.086675208027
B-heavy,1,user.alice.gpu_seconds_share,20,0.0927739923825789,0.02230806572777951,0.08233361623166045,0.10321436853349734
B-heavy,1,user.alice.jobs_completed,20,22.2,5.074186478742443,19.825234919762423,24.574765080237576
B-heavy,1,user.alice.mean_wait_s,20,1347.71927271479,498.3769449293019,1114.4743632949628,1580.964182134617
B-heavy,1,user.alice.p50_wait_s,20,1296.5,480.8477710745558,1071.458902192154,1521.541097807846
B-heavy,1,user.alice.p95_wait_s,20,2639.85,919.3248824401982,2209.5976556372902,3070.1023443627096
B-heavy,1,user.bob.gpu_seconds_received,20,4402,644.2807495265758,4100.470792854228,4703.529207145772
B-heavy,1,user.bob.gpu_seconds_share,20,0.10185088445460475,0.015526412805092676,0.09458438309416879,0.1091173858150407
B-heavy,1,user.bob.jobs_completed,20,24.75,3.2261268941010526,23.24014348908493,26.25985651091507
B-heavy,1,user.bob.mean_wait_s,20,1567.7154506032077,313.20381390296143,1421.133238189462,1714.2976630169535
B-heavy,1,user.bob.p50_wait_s,20,1539.15,332.70063594453,1383.4430988595211,1694.856901140479
B-heavy,1,user.bob.p95_wait_s,20,2982,594.6448741188218,2703.700830642388,3260.299169357612
B-heavy,1,user.carol.gpu_seconds_received,20,4125.5,966.5375806127986,3673.1516866708766,4577.848313329123
B-heavy,1,user.carol.gpu_seconds_share,20,0.09533687423363132,0.022112856296286766,0.08498785785894185,0.1056858906083208
B-heavy,1,user.carol.jobs_completed,20,22.65,5.450977700810823,20.098893226279806,25.20110677372019
B-heavy,1,user.carol.mean_wait_s,20,1442.5180991184689,457.45973176983233,1228.4228148452185,1656.6133833917193
B-heavy,1,user.carol.p50_wait_s,20,1431.05,445.2425093196552,1222.672486126738,1639.427513873262
B-heavy,1,user.carol.p95_wait_s,20,2748.2,919.0399796584076,2318.0809927111823,3178.3190072888174
B-heavy,1,user.hog.gpu_seconds_received,20,30718.9,1560.3219269719543,29988.655252073368,31449.144747926635
B-heavy,1,user.hog.gpu_seconds_share,20,0.710038248929185,0.0331120545247516,0.6945415084862143,0.7255349893721557
B-heavy,1,user.hog.jobs_completed,20,170.4,8.035447781712703,166.6393378966212,174.1606621033788
B-heavy,1,user.hog.mean_wait_s,20,14674.194473544796,813.1084243576088,14293.65239045407,15054.736556635522
B-heavy,1,user.hog.p50_wait_s,20,14600.75,859.6698188074425,14198.416763964884,15003.083236035116
B-heavy,1,user.hog.p95_wait_s,20,27906.3,1541.2069467244103,27185.001235393345,28627.598764606653
B-heavy,2,gpu_utilisation,20,0.3515585608738897,0.01754275345899308,0.3433483938845286,0.3597687278632508
B-heavy,2,gpu_utilisation_percent,20,35.155856087388976,1.7542753458993077,34.33483938845286,35.97687278632509
B-heavy,2,hard_rejected_jobs,20,0,0,0,0
B-heavy,2,heavy_to_normal_wait_ratio,20,17.002136544852355,5.024136283902699,14.650795407637457,19.353477682067254
B-heavy,2,heavy_user_mean_wait_s,20,6992.476016635369,412.0496832201734,6799.6330450312325,7185.318988239505
B-heavy,2,heavy_user_p95_wait_s,20,13335.6,773.3630181840458,12973.659125807735,13697.540874192266
B-heavy,2,jain_gpu_seconds,20,0.4704006923990042,0.037587181016140975,0.4528095523580055,0.48799183244000294
B-heavy,2,jain_mean_wait,20,0.35065442004722314,0.033295291609060466,0.3350719229945882,0.36623691709985806
B-heavy,2,jobs_completed,20,240,0,240,240
B-heavy,2,jobs_never_started,20,0,0,0,0
B-heavy,2,makespan_s,20,15417.05,787.4989373426414,15048.493388026805,15785.606611973193
B-heavy,2,mean_turnaround_s,20,5296.063958333334,461.1062379237391,5080.262076260526,5511.8658404061425
B-heavy,2,mean_wait_s,20,5115.822291666667,460.1549664189446,4900.465613245888,5331.178970087447
B-heavy,2,normal_users_mean_wait_s,20,441.50517233908624,112.98760280454312,388.62595420942836,494.38439046874413
B-heavy,2,normal_users_p95_wait_s,20,874.8500000000001,203.87392833555438,779.4351610281926,970.2648389718076
B-heavy,2,p50_wait_s,20,4086.4,670.6010972097699,3772.552632526535,4400.247367473465
B-heavy,2,p95_turnaround_s,20,13208.05,818.5006494547788,12824.984306884457,13591.115693115542
B-heavy,2,p95_wait_s,20,13029.5,817.4129601177248,12646.943355313522,13412.056644686478
B-heavy,2,paired_delta_vs_unlimited.gpu_utilisation,20,-0.6291596355929674,0.018409837358194913,-0.6377756056749202,-0.6205436655110146
B-heavy,2,paired_delta_vs_unlimited.gpu_utilisation_percent,20,-62.91596355929674,1.8409837358194907,-63.777560567492024,-62.05436655110146
B-heavy,2,paired_delta_vs_unlimited.hard_rejected_jobs,20,0,0,0,0
B-heavy,2,paired_delta_vs_unlimited.heavy_to_normal_wait_ratio,20,15.988292842154129,5.046829898675017,13.62633088835485,18.350254795953408
B-heavy,2,paired_delta_vs_unlimited.heavy_user_mean_wait_s,20,4962.875979158684,396.20724694942015,4777.447410749874,5148.3045475674935
B-heavy,2,paired_delta_vs_unlimited.heavy_user_p95_wait_s,20,9437,721.8369840753155,9099.17377493172,9774.82622506828
B-heavy,2,paired_delta_vs_unlimited.jain_gpu_seconds,20,0,0,0,0
B-heavy,2,paired_delta_vs_unlimited.jain_mean_wait,20,-0.6406626265324747,0.0332194579794404,-0.6562096327618449,-0.6251156203031046
B-heavy,2,paired_delta_vs_unlimited.jobs_completed,20,0,0,0,0
B-heavy,2,paired_delta_vs_unlimited.jobs_never_started,20,0,0,0,0
B-heavy,2,paired_delta_vs_unlimited.makespan_s,20,9903.4,761.7879522613406,9546.876361155675,10259.923638844324
B-heavy,2,paired_delta_vs_unlimited.mean_turnaround_s,20,3089.403333333333,438.57400312418685,2884.146740560762,3294.6599261059046
B-heavy,2,paired_delta_vs_unlimited.mean_wait_s,20,3089.4033333333336,438.57400312418685,2884.1467405607623,3294.659926105905
B-heavy,2,paired_delta_vs_unlimited.normal_users_mean_wait_s,20,-1576.1953397213508,215.11395914361236,-1676.870614582851,-1475.5200648598507
B-heavy,2,paired_delta_vs_unlimited.normal_users_p95_wait_s,20,-2920.95,263.83776414583576,-3044.428455465982,-2797.4715445340175
B-heavy,2,paired_delta_vs_unlimited.p50_wait_s,20,2066.2,652.7761444299585,1760.694871345647,2371.7051286543524
B-heavy,2,paired_delta_vs_unlimited.p95_turnaround_s,20,9125.35,775.2164570383925,8762.541699691628,9488.158300308372
B-heavy,2,paired_delta_vs_unlimited.p95_wait_s,20,9129.1,773.9541602092874,8766.882466003275,9491.317533996726
B-heavy,2,paired_delta_vs_unlimited.quota_block_attempts,20,41904.6,1019.4641213582958,41427.48158779754,42381.718412202456
B-heavy,2,paired_delta_vs_unlimited.quota_block_events,20,229.85,1.694418080515829,229.05699704163624,230.64300295836375
B-heavy,2,paired_delta_vs_unlimited.quota_blocked_jobs,20,229.85,1.694418080515829,229.05699704163624,230.64300295836375
B-heavy,2,paired_delta_vs_unlimited.quota_blocked_time_s,20,1227797.35,110437.19194054672,1176111.747179013,1279482.9528209872
B-heavy,2,paired_delta_vs_unlimited.quota_unused_gpu_seconds,20,78765.5,6089.375480034229,75915.61730234555,81615.38269765445
B-heavy,2,paired_delta_vs_unlimited.throughput_per_hour,20,-100.53552550324837,2.896361025223231,-101.89104861050434,-99.18000239599239
B-heavy,2,paired_delta_vs_unlimited.user.alice.gpu_seconds_received,20,0,0,0,0
B-heavy,2,paired_delta_vs_unlimited.user.alice.gpu_seconds_share,20,0,0,0,0
B-heavy,2,paired_delta_vs_unlimited.user.alice.jobs_completed,20,0,0,0,0
B-heavy,2,paired_delta_vs_unlimited.user.alice.mean_wait_s,20,-1615.7959610939206,424.0883616600687,-1814.2731428893937,-1417.3187792984475
B-heavy,2,paired_delta_vs_unlimited.user.alice.p50_wait_s,20,-1671.35,565.1847648522141,-1935.861572264085,-1406.8384277359148
B-heavy,2,paired_delta_vs_unlimited.user.alice.p95_wait_s,20,-2992.1,632.7502126265525,-3288.2328117824404,-2695.9671882175594
B-heavy,2,paired_delta_vs_unlimited.user.bob.gpu_seconds_received,20,0,0,0,0
B-heavy,2,paired_delta_vs_unlimited.user.bob.gpu_seconds_share,20,0,0,0,0
B-heavy,2,paired_delta_vs_unlimited.user.bob.jobs_completed,20,0,0,0,0
B-heavy,2,paired_delta_vs_unlimited.user.bob.mean_wait_s,20,-1589.524876707145,348.9517220202733,-1752.8374328408506,-1426.2123205734395
B-heavy,2,paired_delta_vs_unlimited.user.bob.p50_wait_s,20,-1480.25,507.7785338842951,-1717.894937925401,-1242.605062074599
B-heavy,2,paired_delta_vs_unlimited.user.bob.p95_wait_s,20,-2877.8,365.6070078793982,-3048.9073802745456,-2706.6926197254547
B-heavy,2,paired_delta_vs_unlimited.user.carol.gpu_seconds_received,20,0,0,0,0
B-heavy,2,paired_delta_vs_unlimited.user.carol.gpu_seconds_share,20,0,0,0,0
B-heavy,2,paired_delta_vs_unlimited.user.carol.jobs_completed,20,0,0,0,0
B-heavy,2,paired_delta_vs_unlimited.user.carol.mean_wait_s,20,-1523.2651813629866,281.3280643868144,-1654.9292552387678,-1391.6011074872054
B-heavy,2,paired_delta_vs_unlimited.user.carol.p50_wait_s,20,-1386.15,417.5549475344847,-1581.569485003058,-1190.7305149969422
B-heavy,2,paired_delta_vs_unlimited.user.carol.p95_wait_s,20,-2892.95,420.89909717175686,-3089.9345772232496,-2695.96542277675
B-heavy,2,paired_delta_vs_unlimited.user.hog.gpu_seconds_received,20,0,0,0,0
B-heavy,2,paired_delta_vs_unlimited.user.hog.gpu_seconds_share,20,0,0,0,0
B-heavy,2,paired_delta_vs_unlimited.user.hog.jobs_completed,20,0,0,0,0
B-heavy,2,paired_delta_vs_unlimited.user.hog.mean_wait_s,20,4962.875979158684,396.20724694942015,4777.447410749874,5148.3045475674935
B-heavy,2,paired_delta_vs_unlimited.user.hog.p50_wait_s,20,4938.6,442.53473250546585,4731.489750120751,5145.71024987925
B-heavy,2,paired_delta_vs_unlimited.user.hog.p95_wait_s,20,9437,721.8369840753155,9099.17377493172,9774.82622506828
B-heavy,2,quota_block_attempts,20,41904.6,1019.4641213582958,41427.48158779754,42381.718412202456
B-heavy,2,quota_block_events,20,229.85,1.694418080515829,229.05699704163624,230.64300295836375
B-heavy,2,quota_blocked_jobs,20,229.85,1.694418080515829,229.05699704163624,230.64300295836375
B-heavy,2,quota_blocked_time_s,20,1227797.35,110437.19194054672,1176111.747179013,1279482.9528209872
B-heavy,2,quota_unused_gpu_seconds,20,78765.5,6089.375480034229,75915.61730234555,81615.38269765445
B-heavy,2,throughput_per_hour,20,56.188831977648206,3.03851274654279,54.7667805815129,57.610883373783516
B-heavy,2,user.alice.gpu_seconds_received,20,4011.6,958.2863762713987,3563.1133247919724,4460.086675208027
B-heavy,2,user.alice.gpu_seconds_share,20,0.0927739923825789,0.02230806572777951,0.08233361623166045,0.10321436853349734
B-heavy,2,user.alice.jobs_completed,20,22.2,5.074186478742443,19.825234919762423,24.574765080237576
B-heavy,2,user.alice.mean_wait_s,20,388.0003216559963,244.13569267147471,273.7426135042224,502.2580298077702
B-heavy,2,user.alice.p50_wait_s,20,359.5,240.54488584308575,246.92282186060555,472.07717813939445
B-heavy,2,user.alice.p95_wait_s,20,798.85,432.2085601578064,596.5724920009451,1001.127507999055
B-heavy,2,user.bob.gpu_seconds_received,20,4402,644.2807495265758,4100.470792854228,4703.529207145772
B-heavy,2,user.bob.gpu_seconds_share,20,0.10185088445460475,0.015526412805092676,0.09458438309416879,0.1091173858150407
B-heavy,2,user.bob.jobs_completed,20,24.75,3.2261268941010526,23.24014348908493,26.25985651091507
B-heavy,2,user.bob.mean_wait_s,20,490.2045837925358,168.7749440371873,411.21638633513845,569.1927812499332
B-heavy,2,user.bob.p50_wait_s,20,486.75,182.60335933959502,401.28997934241954,572.2100206575805
B-heavy,2,user.bob.p95_wait_s,20,953.05,310.07766005173266,807.9308558105793,1098.1691441894206
B-heavy,2,user.carol.gpu_seconds_received,20,4125.5,966.5375806127986,3673.1516866708766,4577.848313329123
B-heavy,2,user.carol.gpu_seconds_share,20,0.09533687423363132,0.022112856296286766,0.08498785785894185,0.1056858906083208
B-heavy,2,user.carol.jobs_completed,20,22.65,5.450977700810823,20.098893226279806,25.20110677372019
B-heavy,2,user.carol.mean_wait_s,20,446.31061156872676,208.1881145785764,348.8766944880459,543.7445286494076
B-heavy,2,user.carol.p50_wait_s,20,444.85,212.106049691633,345.5824539165023,544.1175460834977
B-heavy,2,user.carol.p95_wait_s,20,872.65,407.69600065167236,681.8445911416213,1063.4554088583786
B-heavy,2,user.hog.gpu_seconds_received,20,30718.9,1560.3219269719543,29988.655252073368,31449.144747926635
B-heavy,2,user.hog.gpu_seconds_share,20,0.710038248929185,0.0331120545247516,0.6945415084862143,0.7255349893721557
B-heavy,2,user.hog.jobs_completed,20,170.4,8.035447781712703,166.6393378966212,174.1606621033788
B-heavy,2,user.hog.mean_wait_s,20,6992.476016635369,412.0496832201734,6799.6330450312325,7185.318988239505
B-heavy,2,user.hog.p50_wait_s,20,6960.45,446.19484474126796,6751.626784552033,7169.273215447966
B-heavy,2,user.hog.p95_wait_s,20,13335.6,773.3630181840458,12973.659125807735,13697.540874192266
B-heavy,4,gpu_utilisation,20,0.6975163185134555,0.034064211135099554,0.6815739601810666,0.7134586768458444
B-heavy,4,gpu_utilisation_percent,20,69.75163185134555,3.406421113509957,68.15739601810667,71.34586768458443
B-heavy,4,hard_rejected_jobs,20,0,0,0,0
B-heavy,4,heavy_to_normal_wait_ratio,20,3.5912682927177366,0.8263745651784252,3.204517535960252,3.9780190494752214
B-heavy,4,heavy_user_mean_wait_s,20,3160.3250203364505,211.45890932130231,3061.3603417884506,3259.2896988844504
B-heavy,4,heavy_user_p95_wait_s,20,6057.4,396.5249577331333,5871.822740076218,6242.977259923781
B-heavy,4,jain_gpu_seconds,20,0.4704006923990042,0.037587181016140975,0.4528095523580055,0.48799183244000294
B-heavy,4,jain_mean_wait,20,0.6932515387783873,0.0847500354030894,0.6535877571126345,0.7329153204441401
B-heavy,4,jobs_completed,20,240,0,240,240
B-heavy,4,jobs_never_started,20,0,0,0,0
B-heavy,4,makespan_s,20,7769.65,388.59968239551455,7587.781840481158,7951.5181595188415
B-heavy,4,mean_turnaround_s,20,2701.106041666667,170.2431794221341,2621.4306967943394,2780.7813865389944
B-heavy,4,mean_wait_s,20,2520.864375,169.0706189853354,2441.7377989976076,2599.9909510023926
B-heavy,4,normal_users_mean_wait_s,20,916.1218988009545,172.1633285241827,835.5479068143561,996.6958907875528
B-heavy,4,normal_users_p95_wait_s,20,1755.6833333333336,332.31142434249534,1600.1585867362887,1911.2080799303785
B-heavy,4,p50_wait_s,20,1989.65,154.77327220639125,1917.214711362178,2062.085288637822
B-heavy,4,p95_turnaround_s,20,6094.95,410.52642392036364,5902.819927499688,6287.080072500312
B-heavy,4,p95_wait_s,20,5917.95,405.9601322141972,5727.956993241243,6107.943006758756
B-heavy,4,paired_delta_vs_unlimited.gpu_utilisation,20,-0.2832018779534017,0.034453910433849114,-0.2993266190756901,-0.2670771368311133
B-heavy,4,paired_delta_vs_unlimited.gpu_utilisation_percent,20,-28.320187795340168,3.445391043384912,-29.932661907569006,-26.70771368311133
B-heavy,4,paired_delta_vs_unlimited.hard_rejected_jobs,20,0,0,0,0
B-heavy,4,paired_delta_vs_unlimited.heavy_to_normal_wait_ratio,20,2.5774245900195156,0.8485409546636004,2.1802997628716607,2.9745494171673705
B-heavy,4,paired_delta_vs_unlimited.heavy_user_mean_wait_s,20,1130.7249828597653,199.3286104814882,1037.4373936773845,1224.012572042146
B-heavy,4,paired_delta_vs_unlimited.heavy_user_p95_wait_s,20,2158.8,350.64385890740147,1994.6955085270301,2322.90449147297
B-heavy,4,paired_delta_vs_unlimited.jain_gpu_seconds,20,0,0,0,0
B-heavy,4,paired_delta_vs_unlimited.jain_mean_wait,20,-0.2980655078013107,0.08389512967175809,-0.3373291858669759,-0.25880182973564547
B-heavy,4,paired_delta_vs_unlimited.jobs_completed,20,0,0,0,0
B-heavy,4,paired_delta_vs_unlimited.jobs_never_started,20,0,0,0,0
B-heavy,4,paired_delta_vs_unlimited.makespan_s,20,2256,366.26378184955286,2084.58524357827,2427.41475642173
B-heavy,4,paired_delta_vs_unlimited.mean_turnaround_s,20,494.44541666666663,143.31975930791074,427.3704754641053,561.520357869228
B-heavy,4,paired_delta_vs_unlimited.mean_wait_s,20,494.44541666666663,143.31975930791089,427.37047546410525,561.5203578692281
B-heavy,4,paired_delta_vs_unlimited.normal_users_mean_wait_s,20,-1101.5786132594826,250.48078817520226,-1218.8058833885607,-984.3513431304045
B-heavy,4,paired_delta_vs_unlimited.normal_users_p95_wait_s,20,-2040.1166666666668,366.45011587786496,-2211.618629095813,-1868.6147042375208
B-heavy,4,paired_delta_vs_unlimited.p50_wait_s,20,-30.55,133.63834739601072,-93.09395302699976,31.99395302699976
B-heavy,4,paired_delta_vs_unlimited.p95_turnaround_s,20,2012.25,368.3657900282787,1839.8514847743465,2184.6485152256537
B-heavy,4,paired_delta_vs_unlimited.p95_wait_s,20,2017.55,364.1543159012037,1847.1224926857035,2187.9775073142964
B-heavy,4,paired_delta_vs_unlimited.quota_block_attempts,20,33511.85,2016.3460770987651,32568.181832969036,34455.51816703096
B-heavy,4,paired_delta_vs_unlimited.quota_block_events,20,184.5,18.922278710000743,175.64420273924,193.35579726076
B-heavy,4,paired_delta_vs_unlimited.quota_blocked_jobs,20,179.45,10.007760146900742,174.76627790428716,184.1337220957128
B-heavy,4,paired_delta_vs_unlimited.quota_blocked_time_s,20,540513.1,57734.16299949824,513492.9905100681,567533.2094899319
B-heavy,4,paired_delta_vs_unlimited.quota_unused_gpu_seconds,20,17704.8,2916.347365780479,16339.923104932726,19069.676895067274
B-heavy,4,paired_delta_vs_unlimited.throughput_per_hour,20,-45.24417693071199,5.434966940646049,-47.78779052413488,-42.7005633372891
B-heavy,4,paired_delta_vs_unlimited.user.alice.gpu_seconds_received,20,0,0,0,0
B-heavy,4,paired_delta_vs_unlimited.user.alice.gpu_seconds_share,20,0,0,0,0
B-heavy,4,paired_delta_vs_unlimited.user.alice.jobs_completed,20,0,0,0,0
B-heavy,4,paired_delta_vs_unlimited.user.alice.mean_wait_s,20,-1091.7548472560393,260.0133509336109,-1213.4434428130808,-970.0662516989977
B-heavy,4,paired_delta_vs_unlimited.user.alice.p50_wait_s,20,-1139.45,358.952639450417,-1307.4430757762022,-971.4569242237978
B-heavy,4,paired_delta_vs_unlimited.user.alice.p95_wait_s,20,-2042.9,409.8095706673116,-2234.694578706354,-1851.105421293646
B-heavy,4,paired_delta_vs_unlimited.user.bob.gpu_seconds_received,20,0,0,0,0
B-heavy,4,paired_delta_vs_unlimited.user.bob.gpu_seconds_share,20,0,0,0,0
B-heavy,4,paired_delta_vs_unlimited.user.bob.jobs_completed,20,0,0,0,0
B-heavy,4,paired_delta_vs_unlimited.user.bob.mean_wait_s,20,-1138.540320893877,290.9685915659027,-1274.7162485211693,-1002.3643932665847
B-heavy,4,paired_delta_vs_unlimited.user.bob.p50_wait_s,20,-1055.55,380.5445509571224,-1233.6482852864392,-877.4517147135608
B-heavy,4,paired_delta_vs_unlimited.user.bob.p95_wait_s,20,-2065.8,387.0595765376097,-2246.9473760737433,-1884.652623926257
B-heavy,4,paired_delta_vs_unlimited.user.carol.gpu_seconds_received,20,0,0,0,0
B-heavy,4,paired_delta_vs_unlimited.user.carol.gpu_seconds_share,20,0,0,0,0
B-heavy,4,paired_delta_vs_unlimited.user.carol.jobs_completed,20,0,0,0,0
B-heavy,4,paired_delta_vs_unlimited.user.carol.mean_wait_s,20,-1074.4406716285318,269.69953109025533,-1200.6624869427217,-948.2188563143421
B-heavy,4,paired_delta_vs_unlimited.user.carol.p50_wait_s,20,-1003.3,328.22474649320134,-1156.9121444703117,-849.6878555296884
B-heavy,4,paired_delta_vs_unlimited.user.carol.p95_wait_s,20,-2011.65,361.6708702965344,-2180.9152323515327,-1842.3847676484677
B-heavy,4,paired_delta_vs_unlimited.user.hog.gpu_seconds_received,20,0,0,0,0
B-heavy,4,paired_delta_vs_unlimited.user.hog.gpu_seconds_share,20,0,0,0,0
B-heavy,4,paired_delta_vs_unlimited.user.hog.jobs_completed,20,0,0,0,0
B-heavy,4,paired_delta_vs_unlimited.user.hog.mean_wait_s,20,1130.7249828597653,199.3286104814882,1037.4373936773845,1224.012572042146
B-heavy,4,paired_delta_vs_unlimited.user.hog.p50_wait_s,20,1117.2,235.02935986808114,1007.2041378093704,1227.1958621906297
B-heavy,4,paired_delta_vs_unlimited.user.hog.p95_wait_s,20,2158.8,350.64385890740147,1994.6955085270301,2322.90449147297
B-heavy,4,quota_block_attempts,20,33511.85,2016.3460770987651,32568.181832969036,34455.51816703096
B-heavy,4,quota_block_events,20,184.5,18.922278710000743,175.64420273924,193.35579726076
B-heavy,4,quota_blocked_jobs,20,179.45,10.007760146900742,174.76627790428716,184.1337220957128
B-heavy,4,quota_blocked_time_s,20,540513.1,57734.16299949824,513492.9905100681,567533.2094899319
B-heavy,4,quota_unused_gpu_seconds,20,17704.8,2916.347365780479,16339.923104932726,19069.676895067274
B-heavy,4,throughput_per_hour,20,111.48018055018458,5.873609658219991,108.7312782050063,114.22908289536286
B-heavy,4,user.alice.gpu_seconds_received,20,4011.6,958.2863762713987,3563.1133247919724,4460.086675208027
B-heavy,4,user.alice.gpu_seconds_share,20,0.0927739923825789,0.02230806572777951,0.08233361623166045,0.10321436853349734
B-heavy,4,user.alice.jobs_completed,20,22.2,5.074186478742443,19.825234919762423,24.574765080237576
B-heavy,4,user.alice.mean_wait_s,20,912.0414354938773,200.80777810391754,818.0615825107318,1006.0212884770228
B-heavy,4,user.alice.p50_wait_s,20,891.4,227.29262381807567,785.025000125633,997.7749998743669
B-heavy,4,user.alice.p95_wait_s,20,1748.05,308.6296494608316,1603.6085378393127,1892.4914621606872
B-heavy,4,user.bob.gpu_seconds_received,20,4402,644.2807495265758,4100.470792854228,4703.529207145772
B-heavy,4,user.bob.gpu_seconds_share,20,0.10185088445460475,0.015526412805092676,0.09458438309416879,0.1091173858150407
B-heavy,4,user.bob.jobs_completed,20,24.75,3.2261268941010526,23.24014348908493,26.25985651091507
B-heavy,4,user.bob.mean_wait_s,20,941.1891396058039,192.0012872382591,851.3308038500624,1031.0474753615456
B-heavy,4,user.bob.p50_wait_s,20,911.45,235.27195350330896,801.3406017980235,1021.5593982019766
B-heavy,4,user.bob.p95_wait_s,20,1765.05,340.7506381042023,1605.5756251758646,1924.5243748241353
B-heavy,4,user.carol.gpu_seconds_received,20,4125.5,966.5375806127986,3673.1516866708766,4577.848313329123
B-heavy,4,user.carol.gpu_seconds_share,20,0.09533687423363132,0.022112856296286766,0.08498785785894185,0.1056858906083208
B-heavy,4,user.carol.jobs_completed,20,22.65,5.450977700810823,20.098893226279806,25.20110677372019
B-heavy,4,user.carol.mean_wait_s,20,895.1351213031816,187.34473700495508,807.4560930945215,982.8141495118416
B-heavy,4,user.carol.p50_wait_s,20,827.7,213.89325916397993,727.5960237490697,927.8039762509304
B-heavy,4,user.carol.p95_wait_s,20,1753.95,369.0797196727073,1581.217359255618,1926.682640744382
B-heavy,4,user.hog.gpu_seconds_received,20,30718.9,1560.3219269719543,29988.655252073368,31449.144747926635
B-heavy,4,user.hog.gpu_seconds_share,20,0.710038248929185,0.0331120545247516,0.6945415084862143,0.7255349893721557
B-heavy,4,user.hog.jobs_completed,20,170.4,8.035447781712703,166.6393378966212,174.1606621033788
B-heavy,4,user.hog.mean_wait_s,20,3160.3250203364505,211.45890932130231,3061.3603417884506,3259.2896988844504
B-heavy,4,user.hog.p50_wait_s,20,3139.05,229.84193080875113,3031.481901439642,3246.6180985603582
B-heavy,4,user.hog.p95_wait_s,20,6057.4,396.5249577331333,5871.822740076218,6242.977259923781
C-burst,,gpu_utilisation,20,0.9826445986921934,0.003784663522157893,0.9808733419970519,0.984415855387335
C-burst,,gpu_utilisation_percent,20,98.26445986921937,0.37846635221578967,98.08733419970521,98.44158553873352
C-burst,,hard_rejected_jobs,20,0,0,0,0
C-burst,,heavy_to_normal_wait_ratio,20,0.3833397083796429,0.005525943532214449,0.38075351692005743,0.3859258998392283
C-burst,,heavy_user_mean_wait_s,20,1708.0056250000002,30.730583829201052,1693.6234343417282,1722.3878156582723
C-burst,,heavy_user_p95_wait_s,20,3355.4,59.6863733015731,3327.4662384647463,3383.333761535254
C-burst,,jain_gpu_seconds,20,0.5508753405205826,0.0071273409733295795,0.5475396806016345,0.5542110004395308
C-burst,,jain_mean_wait,20,0.9093595414582575,0.001746059199964936,0.9085423699897914,0.9101767129267235
C-burst,,jobs_completed,20,250,0,250,250
C-burst,,jobs_never_started,20,0,0,0,0
C-burst,,makespan_s,20,5735.9,73.7205962793945,5701.398095414501,5770.401904585498
C-burst,,mean_turnaround_s,20,2877.5746,41.10997005004735,2858.334762888483,2896.814437111517
C-burst,,mean_wait_s,20,2697.2148,39.28766779269896,2678.827816796104,2715.6017832038965
C-burst,,normal_users_mean_wait_s,20,4455.808888888889,66.07026145697367,4424.88741006514,4486.730367712637
C-burst,,normal_users_p95_wait_s,20,5330.1500000000015,68.70851007499095,5297.993797005728,5362.306202994275
C-burst,,p50_wait_s,20,2697.75,48.79697466894957,2674.9125753309368,2720.5874246690632
C-burst,,p95_turnaround_s,20,5336.75,69.09709034928203,5304.411937929375,5369.088062070625
C-burst,,p95_wait_s,20,5165.25,60.298271774134356,5137.029864455558,5193.470135544442
C-burst,,quota_block_attempts,20,0,0,0,0
C-burst,,quota_block_events,20,0,0,0,0
C-burst,,quota_blocked_jobs,20,0,0,0,0
C-burst,,quota_blocked_time_s,20,0,0,0,0
C-burst,,quota_unused_gpu_seconds,20,0,0,0,0
C-burst,,throughput_per_hour,20,156.9309192246986,2.000151045801369,155.99483047851857,157.86700797087866
C-burst,,user.alice.gpu_seconds_received,20,5362.15,165.77387102854743,5284.566331803405,5439.733668196594
C-burst,,user.alice.gpu_seconds_share,20,0.11892107439968684,0.0033859124666023553,0.11733643679834643,0.12050571200102725
C-burst,,user.alice.jobs_completed,20,30,0,30,30
C-burst,,user.alice.mean_wait_s,20,4445.295,66.13888654086558,4414.341404017464,4476.248595982536
C-burst,,user.alice.p50_wait_s,20,4428.35,69.95432720523327,4395.610743341922,4461.089256658079
C-burst,,user.alice.p95_wait_s,20,5316.55,78.87129756094652,5279.637520715797,5353.462479284203
C-burst,,user.bob.gpu_seconds_received,20,5363.25,181.96641535126605,5278.0880748790905,5448.4119251209095
C-burst,,user.bob.gpu_seconds_share,20,0.11895462719303876,0.004070418614759296,0.11704963453485111,0.12085961985122641
C-burst,,user.bob.jobs_completed,20,30,0,30,30
C-burst,,user.bob.mean_wait_s,20,4456.843333333334,66.79834723241638,4425.581103793745,4488.105562872924
C-burst,,user.bob.p50_wait_s,20,4428.55,69.83550220640682,4395.866354514088,4461.233645485912
C-burst,,user.bob.p95_wait_s,20,5326.2,65.74240000102473,5295.431963297467,5356.968036702533
C-burst,,user.carol.gpu_seconds_received,20,5461.9,184.80968874123343,5375.407397264393,5548.3926027356065
C-burst,,user.carol.gpu_seconds_share,20,0.1211476616164455,0.004315147667495319,0.1191281335522392,0.1231671896806518
C-burst,,user.carol.jobs_completed,20,30,0,30,30
C-burst,,user.carol.mean_wait_s,20,4465.288333333332,65.80513166768347,4434.49093764448,4496.085729022184
C-burst,,user.carol.p50_wait_s,20,4449.45,74.4230262896186,4414.619351828395,4484.280648171604
C-burst,,user.carol.p95_wait_s,20,5347.7,67.2192798157446,5316.240770211363,5379.159229788636
C-burst,,user.hog.gpu_seconds_received,20,28902.65,494.61705282710227,28671.164754027148,29134.135245972855
C-burst,,user.hog.gpu_seconds_share,20,0.640976636790829,0.0056324563197948105,0.6383405963850914,0.6436126771965665
C-burst,,user.hog.jobs_completed,20,160,0,160,160
C-burst,,user.hog.mean_wait_s,20,1708.0056250000002,30.730583829201052,1693.6234343417282,1722.3878156582723
C-burst,,user.hog.p50_wait_s,20,1689.65,45.74100429247493,1668.2427970554825,1711.0572029445177
C-burst,,user.hog.p95_wait_s,20,3355.4,59.6863733015731,3327.4662384647463,3383.333761535254
C-burst,1,gpu_utilisation,20,0.19502931015835473,0.0017253421623274609,0.19422183445053007,0.1958367858661794
C-burst,1,gpu_utilisation_percent,20,19.502931015835472,0.1725342162327459,19.422183445053008,19.583678586617935
C-burst,1,hard_rejected_jobs,20,0,0,0,0
C-burst,1,heavy_to_normal_wait_ratio,20,5.602647961900314,0.183875451410382,5.516592590669552,5.688703333131077
C-burst,1,heavy_user_mean_wait_s,20,14344.540312499998,259.822888756341,14222.940854961353,14466.139770038642
C-burst,1,heavy_user_p95_wait_s,20,27255.25,457.45001164924537,27041.159264830934,27469.340735169066
C-burst,1,jain_gpu_seconds,20,0.5508753405205826,0.0071273409733295795,0.5475396806016345,0.5542110004395308
C-burst,1,jain_mean_wait,20,0.5382004751582963,0.009302959713984158,0.5338466060279088,0.5425543442886838
C-burst,1,jobs_completed,20,250,0,250,250
C-burst,1,jobs_never_started,20,0,0,0,0
C-burst,1,makespan_s,20,28902.65,494.61705282710227,28671.164754027148,29134.135245972855
C-burst,1,mean_turnaround_s,20,10283.1026,160.77758424684902,10207.857239122171,10358.347960877829
C-burst,1,mean_wait_s,20,10102.742800000002,159.33688016130094,10028.17170164044,10177.313898359564
C-burst,1,normal_users_mean_wait_s,20,2561.7694444444446,53.98227404719104,2536.5052528550855,2587.0336360338038
C-burst,1,normal_users_p95_wait_s,20,4950.783333333333,80.97680521270352,4912.885457460236,4988.68120920643
C-burst,1,p50_wait_s,20,6162.65,222.31184238172713,6058.606050802798,6266.693949197202
C-burst,1,p95_turnaround_s,20,26712.7,458.50398609298685,26498.11599527631,26927.284004723693
C-burst,1,p95_wait_s,20,26529.1,447.67456459963597,26319.584262299864,26738.615737700133
C-burst,1,paired_delta_vs_unlimited.gpu_utilisation,20,-0.7876152885338389,0.004670269787183914,-0.7898010169559921,-0.7854295601116856
C-burst,1,paired_delta_vs_unlimited.gpu_utilisation_percent,20,-78.7615288533839,0.46702697871839266,-78.98010169559922,-78.54295601116857
C-burst,1,paired_delta_vs_unlimited.hard_rejected_jobs,20,0,0,0,0
C-burst,1,paired_delta_vs_unlimited.heavy_to_normal_wait_ratio,20,5.219308253520671,0.1798296548472638,5.1351463516056475,5.3034701554356944
C-burst,1,paired_delta_vs_unlimited.heavy_user_mean_wait_s,20,12636.5346875,229.62140966876086,12529.069794823954,12743.999580176045
C-burst,1,paired_delta_vs_unlimited.heavy_user_p95_wait_s,20,23899.85,416.9051734917792,23704.734615114885,24094.965384885112
C-burst,1,paired_delta_vs_unlimited.jain_gpu_seconds,20,0,0,0,0
C-burst,1,paired_delta_vs_unlimited.jain_mean_wait,20,-0.3711590662999609,0.010665298331438543,-0.3761505222020888,-0.3661676103978331
C-burst,1,paired_delta_vs_unlimited.jobs_completed,20,0,0,0,0
C-burst,1,paired_delta_vs_unlimited.jobs_never_started,20,0,0,0,0
C-burst,1,paired_delta_vs_unlimited.makespan_s,20,23166.75,439.5386187451804,22961.041958408554,23372.458041591446
C-burst,1,paired_delta_vs_unlimited.mean_turnaround_s,20,7405.528000000001,122.60566930482534,7348.147439919281,7462.908560080721
C-burst,1,paired_delta_vs_unlimited.mean_wait_s,20,7405.528,122.60566930482511,7348.147439919281,7462.908560080719
C-burst,1,paired_delta_vs_unlimited.normal_users_mean_wait_s,20,-1894.0394444444441,78.22979790161232,-1930.6516960968181,-1857.4271927920702
C-burst,1,paired_delta_vs_unlimited.normal_users_p95_wait_s,20,-379.3666666666667,88.23923488505207,-420.6634251893917,-338.06990814394163
C-burst,1,paired_delta_vs_unlimited.p50_wait_s,20,3464.9,207.38164665278617,3367.843517189132,3561.9564828108682
C-burst,1,paired_delta_vs_unlimited.p95_turnaround_s,20,21375.95,400.29350744830117,21188.60902478822,21563.29097521178
C-burst,1,paired_delta_vs_unlimited.p95_wait_s,20,21363.85,393.782905057837,21179.55604548266,21548.143954517338
C-burst,1,paired_delta_vs_unlimited.quota_block_attempts,20,44602.3,467.1534290956125,44383.667977866586,44820.93202213342
C-burst,1,paired_delta_vs_unlimited.quota_block_events,20,246,0,246,246
C-burst,1,paired_delta_vs_unlimited.quota_blocked_jobs,20,246,0,246,246
C-burst,1,paired_delta_vs_unlimited.quota_blocked_time_s,20,2525685.7,39834.22004032529,2507042.92541011,2544328.4745898903
C-burst,1,paired_delta_vs_unlimited.quota_unused_gpu_seconds,20,184870.55,3437.3079196095487,183261.85886266996,186479.24113733
C-burst,1,paired_delta_vs_unlimited.throughput_per_hour,20,-125.78324930024408,1.622710503242357,-126.54269246509003,-125.02380613539813
C-burst,1,paired_delta_vs_unlimited.user.alice.gpu_seconds_received,20,0,0,0,0
C-burst,1,paired_delta_vs_unlimited.user.alice.gpu_seconds_share,20,0,0,0,0
C-burst,1,paired_delta_vs_unlimited.user.alice.jobs_completed,20,0,0,0,0
C-burst,1,paired_delta_vs_unlimited.user.alice.mean_wait_s,20,-1903.9200000000005,106.02265310187367,-1953.5395587913974,-1854.3004412086036
C-burst,1,paired_delta_vs_unlimited.user.alice.p50_wait_s,20,-1979.45,114.78468401407275,-2033.1702683592111,-1925.729731640789
C-burst,1,paired_delta_vs_unlimited.user.alice.p95_wait_s,20,-392.75,152.5553825233384,-464.1472962437313,-321.3527037562687
C-burst,1,paired_delta_vs_unlimited.user.bob.gpu_seconds_received,20,0,0,0,0
C-burst,1,paired_delta_vs_unlimited.user.bob.gpu_seconds_share,20,0,0,0,0
C-burst,1,paired_delta_vs_unlimited.user.bob.jobs_completed,20,0,0,0,0
C-burst,1,paired_delta_vs_unlimited.user.bob.mean_wait_s,20,-1898.406666666667,112.9262366501985,-1951.257164882097,-1845.556168451237
C-burst,1,paired_delta_vs_unlimited.user.bob.p50_wait_s,20,-1945.45,126.29642450245875,-2004.5578668322084,-1886.3421331677916
C-burst,1,paired_delta_vs_unlimited.user.bob.p95_wait_s,20,-400.9,177.5155738164075,-483.9788911017746,-317.82110889822536
C-burst,1,paired_delta_vs_unlimited.user.carol.gpu_seconds_received,20,0,0,0,0
C-burst,1,paired_delta_vs_unlimited.user.carol.gpu_seconds_share,20,0,0,0,0
C-burst,1,paired_delta_vs_unlimited.user.carol.jobs_completed,20,0,0,0,0
C-burst,1,paired_delta_vs_unlimited.user.carol.mean_wait_s,20,-1879.7916666666667,124.79690817273351,-1938.1977463193941,-1821.3855870139394
C-burst,1,paired_delta_vs_unlimited.user.carol.p50_wait_s,20,-1944.25,154.4892689170556,-2016.5523725345192,-1871.9476274654808
C-burst,1,paired_delta_vs_unlimited.user.carol.p95_wait_s,20,-344.45,195.42193891814276,-435.9092316225125,-252.99076837748748
C-burst,1,paired_delta_vs_unlimited.user.hog.gpu_seconds_received,20,0,0,0,0
C-burst,1,paired_delta_vs_unlimited.user.hog.gpu_seconds_share,20,0,0,0,0
C-burst,1,paired_delta_vs_unlimited.user.hog.jobs_completed,20,0,0,0,0
C-burst,1,paired_delta_vs_unlimited.user.hog.mean_wait_s,20,12636.5346875,229.62140966876086,12529.069794823954,12743.999580176045
C-burst,1,paired_delta_vs_unlimited.user.hog.p50_wait_s,20,12564.6,249.21126104487922,12447.966880028811,12681.23311997119
C-burst,1,paired_delta_vs_unlimited.user.hog.p95_wait_s,20,23899.85,416.9051734917792,23704.734615114885,24094.965384885112
C-burst,1,quota_block_attempts,20,44602.3,467.1534290956125,44383.667977866586,44820.93202213342
C-burst,1,quota_block_events,20,246,0,246,246
C-burst,1,quota_blocked_jobs,20,246,0,246,246
C-burst,1,quota_blocked_time_s,20,2525685.7,39834.22004032529,2507042.92541011,2544328.4745898903
C-burst,1,quota_unused_gpu_seconds,20,184870.55,3437.3079196095487,183261.85886266996,186479.24113733
C-burst,1,throughput_per_hour,20,31.14766992445457,0.5325577095210724,30.898428108632423,31.396911740276714
C-burst,1,user.alice.gpu_seconds_received,20,5362.15,165.77387102854743,5284.566331803405,5439.733668196594
C-burst,1,user.alice.gpu_seconds_share,20,0.11892107439968684,0.0033859124666023553,0.11733643679834643,0.12050571200102725
C-burst,1,user.alice.jobs_completed,20,30,0,30,30
C-burst,1,user.alice.mean_wait_s,20,2541.3750000000005,96.89243018066885,2496.028467960556,2586.721532039445
C-burst,1,user.alice.p50_wait_s,20,2448.9,111.28952284351318,2396.815498621845,2500.984501378155
C-burst,1,user.alice.p95_wait_s,20,4923.8,171.49239663980194,4843.540010192258,5004.059989807743
C-burst,1,user.bob.gpu_seconds_received,20,5363.25,181.96641535126605,5278.0880748790905,5448.4119251209095
C-burst,1,user.bob.gpu_seconds_share,20,0.11895462719303876,0.004070418614759296,0.11704963453485111,0.12085961985122641
C-burst,1,user.bob.jobs_completed,20,30,0,30,30
C-burst,1,user.bob.mean_wait_s,20,2558.4366666666665,99.28266333940732,2511.9714839306466,2604.9018494026864
C-burst,1,user.bob.p50_wait_s,20,2483.1,116.05212077701167,2428.786559793706,2537.4134402062937
C-burst,1,user.bob.p95_wait_s,20,4925.3,168.55893862229223,4846.412895026804,5004.187104973196
C-burst,1,user.carol.gpu_seconds_received,20,5461.9,184.80968874123343,5375.407397264393,5548.3926027356065
C-burst,1,user.carol.gpu_seconds_share,20,0.1211476616164455,0.004315147667495319,0.1191281335522392,0.1231671896806518
C-burst,1,user.carol.jobs_completed,20,30,0,30,30
C-burst,1,user.carol.mean_wait_s,20,2585.496666666667,102.8362849813816,2537.368356921206,2633.6249764121276
C-burst,1,user.carol.p50_wait_s,20,2505.2,137.52955663190522,2440.834925921968,2569.5650740780316
C-burst,1,user.carol.p95_wait_s,20,5003.25,177.05541059525018,4920.386469439938,5086.113530560062
C-burst,1,user.hog.gpu_seconds_received,20,28902.65,494.61705282710227,28671.164754027148,29134.135245972855
C-burst,1,user.hog.gpu_seconds_share,20,0.640976636790829,0.0056324563197948105,0.6383405963850914,0.6436126771965665
C-burst,1,user.hog.jobs_completed,20,160,0,160,160
C-burst,1,user.hog.mean_wait_s,20,14344.540312499998,259.822888756341,14222.940854961353,14466.139770038642
C-burst,1,user.hog.p50_wait_s,20,14254.25,288.6711614860137,14119.149290390584,14389.350709609416
C-burst,1,user.hog.p95_wait_s,20,27255.25,457.45001164924537,27041.159264830934,27469.340735169066
C-burst,2,gpu_utilisation,20,0.3889942284508692,0.0037101633755736866,0.38725783849689327,0.3907306184048451
C-burst,2,gpu_utilisation_percent,20,38.899422845086896,0.3710163375573689,38.72578384968931,39.073061840484485
C-burst,2,hard_rejected_jobs,20,0,0,0,0
C-burst,2,heavy_to_normal_wait_ratio,20,5.86521351763831,0.19577459513064877,5.773589239724673,5.956837795551946
C-burst,2,heavy_user_mean_wait_s,20,7119.919375,129.35624223444515,7059.379485846134,7180.459264153867
C-burst,2,heavy_user_p95_wait_s,20,13557.2,227.35772879342647,13450.794530409423,13663.605469590579
C-burst,2,jain_gpu_seconds,20,0.5508753405205826,0.0071273409733295795,0.5475396806016345,0.5542110004395308
C-burst,2,jain_mean_wait,20,0.5255511009130311,0.009125185303094568,0.5212804318118324,0.5298217700142299
C-burst,2,jobs_completed,20,250,0,250,250
C-burst,2,jobs_never_started,20,0,0,0,0
C-burst,2,makespan_s,20,14491,250.6116727654875,14373.711474701084,14608.288525298916
C-burst,2,mean_turnaround_s,20,5174.3822,80.87627839295487,5136.53137158607,5212.23302841393
C-burst,2,mean_wait_s,20,4994.0224,79.43365762989364,4956.846731126717,5031.198068873283
C-burst,2,normal_users_mean_wait_s,20,1214.65,26.41559104567596,1202.287264918838,1227.0127350811622
C-burst,2,normal_users_p95_wait_s,20,2393.166666666667,47.00211516952571,2371.1692524467708,2415.164080886563
C-burst,2,p50_wait_s,20,3036.1,114.73947606826978,2982.4008893675477,3089.799110632452
C-burst,2,p95_turnaround_s,20,13384.1,228.43308360263958,13277.19125465074,13491.008745349262
C-burst,2,p95_wait_s,20,13196.1,225.8100972055944,13090.418835964067,13301.781164035934
C-burst,2,paired_delta_vs_unlimited.gpu_utilisation,20,-0.5936503702413243,0.006214988649922988,-0.5965590410364835,-0.5907416994461651
C-burst,2,paired_delta_vs_unlimited.gpu_utilisation_percent,20,-59.365037024132434,0.6214988649922988,-59.65590410364835,-59.074169944616514
C-burst,2,paired_delta_vs_unlimited.hard_rejected_jobs,20,0,0,0,0
C-burst,2,paired_delta_vs_unlimited.heavy_to_normal_wait_ratio,20,5.4818738092586665,0.19170910999664406,5.392152215089687,5.571595403427646
C-burst,2,paired_delta_vs_unlimited.heavy_user_mean_wait_s,20,5411.913750000001,99.2536073063461,5365.462165749763,5458.365334250238
C-burst,2,paired_delta_vs_unlimited.heavy_user_p95_wait_s,20,10201.8,188.9356894206124,10113.376391698186,10290.223608301812
C-burst,2,paired_delta_vs_unlimited.jain_gpu_seconds,20,0,0,0,0
C-burst,2,paired_delta_vs_unlimited.jain_mean_wait,20,-0.38380844054522634,0.010493257973266747,-0.38871938000660267,-0.37889750108385
C-burst,2,paired_delta_vs_unlimited.jobs_completed,20,0,0,0,0
C-burst,2,paired_delta_vs_unlimited.jobs_never_started,20,0,0,0,0
C-burst,2,paired_delta_vs_unlimited.makespan_s,20,8755.1,201.55785378161931,8660.76910482824,8849.430895171761
C-burst,2,paired_delta_vs_unlimited.mean_turnaround_s,20,2296.8076000000005,43.893520076130635,2276.265036347248,2317.350163652753
C-burst,2,paired_delta_vs_unlimited.mean_wait_s,20,2296.8076000000005,43.89352007613067,2276.265036347248,2317.350163652753
C-burst,2,paired_delta_vs_unlimited.normal_users_mean_wait_s,20,-3241.1588888888896,66.89093059968019,-3272.4644482801723,-3209.853329497607
C-burst,2,paired_delta_vs_unlimited.normal_users_p95_wait_s,20,-2936.983333333333,76.6345832945227,-2972.849010148485,-2901.1176565181813
C-burst,2,paired_delta_vs_unlimited.p50_wait_s,20,338.35,107.60467364140689,287.9900413141095,388.70995868589057
C-burst,2,paired_delta_vs_unlimited.p95_turnaround_s,20,8047.35,172.20161836760144,7966.7580880210135,8127.941911978987
C-burst,2,paired_delta_vs_unlimited.p95_wait_s,20,8030.85,171.90611727886457,7950.396385198234,8111.303614801766
C-burst,2,paired_delta_vs_unlimited.quota_block_attempts,20,43529.45,510.4954739734413,43290.533509585184,43768.36649041481
C-burst,2,paired_delta_vs_unlimited.quota_block_events,20,242,0,242,242
C-burst,2,paired_delta_vs_unlimited.quota_blocked_jobs,20,242,0,242,242
C-burst,2,paired_delta_vs_unlimited.quota_blocked_time_s,20,1248505.6,19858.414407473407,1239211.6827816793,1257799.5172183209
C-burst,2,paired_delta_vs_unlimited.quota_unused_gpu_seconds,20,69666.7,1501.3631034566731,68964.04851374053,70369.35148625946
C-burst,2,paired_delta_vs_unlimited.throughput_per_hour,20,-94.80575112782505,1.3991450027992907,-95.46056362018345,-94.15093863546664
C-burst,2,paired_delta_vs_unlimited.user.alice.gpu_seconds_received,20,0,0,0,0
C-burst,2,paired_delta_vs_unlimited.user.alice.gpu_seconds_share,20,0,0,0,0
C-burst,2,paired_delta_vs_unlimited.user.alice.jobs_completed,20,0,0,0,0
C-burst,2,paired_delta_vs_unlimited.user.alice.mean_wait_s,20,-3240.643333333334,74.07657654739765,-3275.3118398979377,-3205.97482676873
C-burst,2,paired_delta_vs_unlimited.user.alice.p50_wait_s,20,-3261.85,89.89893448229869,-3303.923512917491,-3219.776487082509
C-burst,2,paired_delta_vs_unlimited.user.alice.p95_wait_s,20,-2937.3,85.33408031471302,-2977.2371199569698,-2897.3628800430306
C-burst,2,paired_delta_vs_unlimited.user.bob.gpu_seconds_received,20,0,0,0,0
C-burst,2,paired_delta_vs_unlimited.user.bob.gpu_seconds_share,20,0,0,0,0
C-burst,2,paired_delta_vs_unlimited.user.bob.jobs_completed,20,0,0,0,0
C-burst,2,paired_delta_vs_unlimited.user.bob.mean_wait_s,20,-3243.7833333333333,77.47768401590135,-3280.043588897343,-3207.5230777693237
C-burst,2,paired_delta_vs_unlimited.user.bob.p50_wait_s,20,-3246.7,74.07613437680537,-3281.3682996247744,-3212.0317003752252
C-burst,2,paired_delta_vs_unlimited.user.bob.p95_wait_s,20,-2947.65,108.47375379859359,-2998.4166960452408,-2896.8833039547594
C-burst,2,paired_delta_vs_unlimited.user.carol.gpu_seconds_received,20,0,0,0,0
C-burst,2,paired_delta_vs_unlimited.user.carol.gpu_seconds_share,20,0,0,0,0
C-burst,2,paired_delta_vs_unlimited.user.carol.jobs_completed,20,0,0,0,0
C-burst,2,paired_delta_vs_unlimited.user.carol.mean_wait_s,20,-3239.05,84.12501522813827,-3278.421266581387,-3199.6787334186133
C-burst,2,paired_delta_vs_unlimited.user.carol.p50_wait_s,20,-3259.25,105.04378786211517,-3308.4114410222974,-3210.0885589777026
C-burst,2,paired_delta_vs_unlimited.user.carol.p95_wait_s,20,-2926,135.5344197883638,-2989.431332023776,-2862.568667976224
C-burst,2,paired_delta_vs_unlimited.user.hog.gpu_seconds_received,20,0,0,0,0
C-burst,2,paired_delta_vs_unlimited.user.hog.gpu_seconds_share,20,0,0,0,0
C-burst,2,paired_delta_vs_unlimited.user.hog.jobs_completed,20,0,0,0,0
C-burst,2,paired_delta_vs_unlimited.user.hog.mean_wait_s,20,5411.913750000001,99.2536073063461,5365.462165749763,5458.365334250238
C-burst,2,paired_delta_vs_unlimited.user.hog.p50_wait_s,20,5379,116.86249229441908,5324.307298607776,5433.692701392224
C-burst,2,paired_delta_vs_unlimited.user.hog.p95_wait_s,20,10201.8,188.9356894206124,10113.376391698186,10290.223608301812
C-burst,2,quota_block_attempts,20,43529.45,510.4954739734413,43290.533509585184,43768.36649041481
C-burst,2,quota_block_events,20,242,0,242,242
C-burst,2,quota_blocked_jobs,20,242,0,242,242
C-burst,2,quota_blocked_time_s,20,1248505.6,19858.414407473407,1239211.6827816793,1257799.5172183209
C-burst,2,quota_unused_gpu_seconds,20,69666.7,1501.3631034566731,68964.04851374053,70369.35148625946
C-burst,2,throughput_per_hour,20,62.125168096873594,1.0746130560837865,61.62223948535208,62.628096708395105
C-burst,2,user.alice.gpu_seconds_received,20,5362.15,165.77387102854743,5284.566331803405,5439.733668196594
C-burst,2,user.alice.gpu_seconds_share,20,0.11892107439968684,0.0033859124666023553,0.11733643679834643,0.12050571200102725
C-burst,2,user.alice.jobs_completed,20,30,0,30,30
C-burst,2,user.alice.mean_wait_s,20,1204.6516666666664,47.75857716664575,1182.300221403013,1227.0031119303198
C-burst,2,user.alice.p50_wait_s,20,1166.5,61.57109711544857,1137.684170705149,1195.315829294851
C-burst,2,user.alice.p95_wait_s,20,2379.25,74.65420282877582,2344.31115912108,2414.18884087892
C-burst,2,user.bob.gpu_seconds_received,20,5363.25,181.96641535126605,5278.0880748790905,5448.4119251209095
C-burst,2,user.bob.gpu_seconds_share,20,0.11895462719303876,0.004070418614759296,0.11704963453485111,0.12085961985122641
C-burst,2,user.bob.jobs_completed,20,30,0,30,30
C-burst,2,user.bob.mean_wait_s,20,1213.0600000000002,48.66531312705577,1190.284194121143,1235.8358058788574
C-burst,2,user.bob.p50_wait_s,20,1181.85,50.235524230735784,1158.3393211492403,1205.3606788507595
C-burst,2,user.bob.p95_wait_s,20,2378.55,94.6158298761782,2334.2689374555007,2422.8310625444997
C-burst,2,user.carol.gpu_seconds_received,20,5461.9,184.80968874123343,5375.407397264393,5548.3926027356065
C-burst,2,user.carol.gpu_seconds_share,20,0.1211476616164455,0.004315147667495319,0.1191281335522392,0.1231671896806518
C-burst,2,user.carol.jobs_completed,20,30,0,30,30
C-burst,2,user.carol.mean_wait_s,20,1226.2383333333335,49.88411163454004,1202.8921187500378,1249.5845479166292
C-burst,2,user.carol.p50_wait_s,20,1190.2,72.85428860692453,1156.1035352259753,1224.2964647740248
C-burst,2,user.carol.p95_wait_s,20,2421.7,102.02430051089222,2373.951706317073,2469.4482936829268
C-burst,2,user.hog.gpu_seconds_received,20,28902.65,494.61705282710227,28671.164754027148,29134.135245972855
C-burst,2,user.hog.gpu_seconds_share,20,0.640976636790829,0.0056324563197948105,0.6383405963850914,0.6436126771965665
C-burst,2,user.hog.jobs_completed,20,160,0,160,160
C-burst,2,user.hog.mean_wait_s,20,7119.919375,129.35624223444515,7059.379485846134,7180.459264153867
C-burst,2,user.hog.p50_wait_s,20,7068.65,154.44749576269737,6996.367177678835,7140.932822321164
C-burst,2,user.hog.p95_wait_s,20,13557.2,227.35772879342647,13450.794530409423,13663.605469590579
C-burst,4,gpu_utilisation,20,0.7711706625320359,0.008563339989274974,0.7671629421098703,0.7751783829542015
C-burst,4,gpu_utilisation_percent,20,77.11706625320357,0.8563339989274963,76.71629421098703,77.51783829542012
C-burst,4,hard_rejected_jobs,20,0,0,0,0
C-burst,4,heavy_to_normal_wait_ratio,20,1.8605487121487958,0.0611437928461647,1.8319328651095403,1.8891645591880513
C-burst,4,heavy_user_mean_wait_s,20,3507.569687500001,64.13247530281585,3477.5551100901316,3537.58426490987
C-burst,4,heavy_user_p95_wait_s,20,6724.85,117.80951395769091,6669.7140839199465,6779.985916080054
C-burst,4,jain_gpu_seconds,20,0.5508753405205826,0.0071273409733295795,0.5475396806016345,0.5542110004395308
C-burst,4,jain_mean_wait,20,0.913956078023821,0.009154035813001444,0.9096719066235323,0.9182402494241096
C-burst,4,jobs_completed,20,250,0,250,250
C-burst,4,jobs_never_started,20,0,0,0,0
C-burst,4,makespan_s,20,7309.85,136.86077251218327,7245.797922927574,7373.902077072426
C-burst,4,mean_turnaround_s,20,3104.2741999999994,39.377326491803714,3085.845255715511,3122.7031442844877
C-burst,4,mean_wait_s,20,2923.9144000000006,37.745958638187865,2906.2489505984886,2941.5798494015125
C-burst,4,normal_users_mean_wait_s,20,1886.3049999999998,39.87352364557499,1867.6438309680318,1904.9661690319679
C-burst,4,normal_users_p95_wait_s,20,3666.7333333333336,61.93956684963552,3637.745056876452,3695.721609790215
C-burst,4,p50_wait_s,20,2668.55,38.86613327550702,2650.360298755633,2686.7397012443676
C-burst,4,p95_turnaround_s,20,6725.25,117.74051531808591,6670.14637590618,6780.35362409382
C-burst,4,p95_wait_s,20,6539.45,114.05006979854346,6486.073537725526,6592.826462274474
C-burst,4,paired_delta_vs_unlimited.gpu_utilisation,20,-0.21147393616015758,0.010611582896947094,-0.21644025275401713,-0.20650761956629804
C-burst,4,paired_delta_vs_unlimited.gpu_utilisation_percent,20,-21.147393616015755,1.061158289694709,-21.64402527540171,-20.6507619566298
C-burst,4,paired_delta_vs_unlimited.hard_rejected_jobs,20,0,0,0,0
C-burst,4,paired_delta_vs_unlimited.heavy_to_normal_wait_ratio,20,1.477209003769153,0.05718068693797693,1.4504479260726237,1.5039700814656822
C-burst,4,paired_delta_vs_unlimited.heavy_user_mean_wait_s,20,1799.5640625,34.40299511200747,1783.4631502079815,1815.6649747920187
C-burst,4,paired_delta_vs_unlimited.heavy_user_p95_wait_s,20,3369.45,82.36342762735362,3330.903172318848,3407.9968276811514
C-burst,4,paired_delta_vs_unlimited.jain_gpu_seconds,20,0,0,0,0
C-burst,4,paired_delta_vs_unlimited.jain_mean_wait,20,0.004596536565563724,0.01051094586464827,-0.0003226809886599591,0.009515754119787407
C-burst,4,paired_delta_vs_unlimited.jobs_completed,20,0,0,0,0
C-burst,4,paired_delta_vs_unlimited.jobs_never_started,20,0,0,0,0
C-burst,4,paired_delta_vs_unlimited.makespan_s,20,1573.95,98.33962364656156,1527.926168353703,1619.9738316462972
C-burst,4,paired_delta_vs_unlimited.mean_turnaround_s,20,226.69959999999998,10.796870805932613,221.64656699201328,231.75263300798667
C-burst,4,paired_delta_vs_unlimited.mean_wait_s,20,226.6996000000001,10.796870805932592,221.64656699201342,231.75263300798676
C-burst,4,paired_delta_vs_unlimited.normal_users_mean_wait_s,20,-2569.5038888888885,71.00906404863414,-2602.736771911517,-2536.27100586626
C-burst,4,paired_delta_vs_unlimited.normal_users_p95_wait_s,20,-1663.4166666666667,74.16323666423015,-1698.1257309482887,-1628.7076023850448
C-burst,4,paired_delta_vs_unlimited.p50_wait_s,20,-29.2,44.558181952895794,-50.05363141144032,-8.346368588559677
C-burst,4,paired_delta_vs_unlimited.p95_turnaround_s,20,1388.5,68.52851884242678,1356.4280345274717,1420.5719654725283
C-burst,4,paired_delta_vs_unlimited.p95_wait_s,20,1374.2,65.7832165445516,1343.4128607866173,1404.9871392133828
C-burst,4,paired_delta_vs_unlimited.quota_block_attempts,20,33099.5,399.3758946946572,32912.58847584085,33286.41152415915
C-burst,4,paired_delta_vs_unlimited.quota_block_events,20,156,0,156,156
C-burst,4,paired_delta_vs_unlimited.quota_blocked_jobs,20,156,0,156,156
C-burst,4,paired_delta_vs_unlimited.quota_blocked_time_s,20,561211.15,10261.196048450533,556408.817614421,566013.482385579
C-burst,4,paired_delta_vs_unlimited.quota_unused_gpu_seconds,20,12258.3,590.229580667334,11982.067227837588,12534.53277216241
C-burst,4,paired_delta_vs_unlimited.throughput_per_hour,20,-33.768271868351135,1.6494160352048963,-34.54021346324484,-32.99633027345743
C-burst,4,paired_delta_vs_unlimited.user.alice.gpu_seconds_received,20,0,0,0,0
C-burst,4,paired_delta_vs_unlimited.user.alice.gpu_seconds_share,20,0,0,0,0
C-burst,4,paired_delta_vs_unlimited.user.alice.jobs_completed,20,0,0,0,0
C-burst,4,paired_delta_vs_unlimited.user.alice.mean_wait_s,20,-2577.288333333333,71.8408127135616,-2610.910482239917,-2543.6661844267487
C-burst,4,paired_delta_vs_unlimited.user.alice.p50_wait_s,20,-2630.9,82.55709348208987,-2669.5374650495237,-2592.2625349504765
C-burst,4,paired_delta_vs_unlimited.user.alice.p95_wait_s,20,-1668.05,86.2062856421185,-1708.395319924195,-1627.7046800758048
C-burst,4,paired_delta_vs_unlimited.user.bob.gpu_seconds_received,20,0,0,0,0
C-burst,4,paired_delta_vs_unlimited.user.bob.gpu_seconds_share,20,0,0,0,0
C-burst,4,paired_delta_vs_unlimited.user.bob.jobs_completed,20,0,0,0,0
C-burst,4,paired_delta_vs_unlimited.user.bob.mean_wait_s,20,-2570.175,69.11437920057384,-2602.5211534091077,-2537.8288465908927
C-burst,4,paired_delta_vs_unlimited.user.bob.p50_wait_s,20,-2615.8,80.18570551177469,-2653.327634071259,-2578.2723659287412
C-burst,4,paired_delta_vs_unlimited.user.bob.p95_wait_s,20,-1668.65,75.68513376934872,-1704.071325866034,-1633.2286741339663
C-burst,4,paired_delta_vs_unlimited.user.carol.gpu_seconds_received,20,0,0,0,0
C-burst,4,paired_delta_vs_unlimited.user.carol.gpu_seconds_share,20,0,0,0,0
C-burst,4,paired_delta_vs_unlimited.user.carol.jobs_completed,20,0,0,0,0
C-burst,4,paired_delta_vs_unlimited.user.carol.mean_wait_s,20,-2561.048333333333,72.67104805317031,-2595.059039873962,-2527.0376267927045
C-burst,4,paired_delta_vs_unlimited.user.carol.p50_wait_s,20,-2597.6,88.31069554345284,-2638.930202755981,-2556.2697972440187
C-burst,4,paired_delta_vs_unlimited.user.carol.p95_wait_s,20,-1653.55,75.61709288806405,-1688.9394821193407,-1618.1605178806592
C-burst,4,paired_delta_vs_unlimited.user.hog.gpu_seconds_received,20,0,0,0,0
C-burst,4,paired_delta_vs_unlimited.user.hog.gpu_seconds_share,20,0,0,0,0
C-burst,4,paired_delta_vs_unlimited.user.hog.jobs_completed,20,0,0,0,0
C-burst,4,paired_delta_vs_unlimited.user.hog.mean_wait_s,20,1799.5640625,34.40299511200747,1783.4631502079815,1815.6649747920187
C-burst,4,paired_delta_vs_unlimited.user.hog.p50_wait_s,20,1800.35,52.40658355588542,1775.8232457854183,1824.8767542145815
C-burst,4,paired_delta_vs_unlimited.user.hog.p95_wait_s,20,3369.45,82.36342762735362,3330.903172318848,3407.9968276811514
C-burst,4,quota_block_attempts,20,33099.5,399.3758946946572,32912.58847584085,33286.41152415915
C-burst,4,quota_block_events,20,156,0,156,156
C-burst,4,quota_blocked_jobs,20,156,0,156,156
C-burst,4,quota_blocked_time_s,20,561211.15,10261.196048450533,556408.817614421,566013.482385579
C-burst,4,quota_unused_gpu_seconds,20,12258.3,590.229580667334,11982.067227837588,12534.53277216241
C-burst,4,throughput_per_hour,20,123.16264735634752,2.3113274859772077,122.08092522696052,124.24436948573452
C-burst,4,user.alice.gpu_seconds_received,20,5362.15,165.77387102854743,5284.566331803405,5439.733668196594
C-burst,4,user.alice.gpu_seconds_share,20,0.11892107439968684,0.0033859124666023553,0.11733643679834643,0.12050571200102725
C-burst,4,user.alice.jobs_completed,20,30,0,30,30
C-burst,4,user.alice.mean_wait_s,20,1868.006666666667,40.267761109792566,1849.1609909423912,1886.8523423909426
C-burst,4,user.alice.p50_wait_s,20,1797.45,61.31924657071384,1768.7520390337136,1826.1479609662865
C-burst,4,user.alice.p95_wait_s,20,3648.5,89.96929300717288,3606.3935586576927,3690.6064413423073
C-burst,4,user.bob.gpu_seconds_received,20,5363.25,181.96641535126605,5278.0880748790905,5448.4119251209095
C-burst,4,user.bob.gpu_seconds_share,20,0.11895462719303876,0.004070418614759296,0.11704963453485111,0.12085961985122641
C-burst,4,user.bob.jobs_completed,20,30,0,30,30
C-burst,4,user.bob.mean_wait_s,20,1886.6683333333335,39.89203334704067,1867.9985015939799,1905.3381650726872
C-burst,4,user.bob.p50_wait_s,20,1812.75,68.14912054882988,1780.8555963539654,1844.6444036460346
C-burst,4,user.bob.p95_wait_s,20,3657.55,59.30605276644907,3629.7942319086005,3685.3057680914
C-burst,4,user.carol.gpu_seconds_received,20,5461.9,184.80968874123343,5375.407397264393,5548.3926027356065
C-burst,4,user.carol.gpu_seconds_share,20,0.1211476616164455,0.004315147667495319,0.1191281335522392,0.1231671896806518
C-burst,4,user.carol.jobs_completed,20,30,0,30,30
C-burst,4,user.carol.mean_wait_s,20,1904.2399999999998,40.608174212410674,1885.2350078705547,1923.2449921294449
C-burst,4,user.carol.p50_wait_s,20,1851.85,74.87974569794874,1816.8056030221755,1886.8943969778243
C-burst,4,user.carol.p95_wait_s,20,3694.15,62.89446047065463,3664.7148247079976,3723.5851752920025
C-burst,4,user.hog.gpu_seconds_received,20,28902.65,494.61705282710227,28671.164754027148,29134.135245972855
C-burst,4,user.hog.gpu_seconds_share,20,0.640976636790829,0.0056324563197948105,0.6383405963850914,0.6436126771965665
C-burst,4,user.hog.jobs_completed,20,160,0,160,160
C-burst,4,user.hog.mean_wait_s,20,3507.569687500001,64.13247530281585,3477.5551100901316,3537.58426490987
C-burst,4,user.hog.p50_wait_s,20,3490,83.97681384261905,3450.6980930049526,3529.3019069950474
C-burst,4,user.hog.p95_wait_s,20,6724.85,117.80951395769091,6669.7140839199465,6779.985916080054
D-single-user,,gpu_utilisation,20,0.9807181964668572,0.00438135797382514,0.9786676813815623,0.9827687115521521
D-single-user,,gpu_utilisation_percent,20,98.0718196466857,0.4381357973825141,97.86676813815622,98.27687115521518
D-single-user,,hard_rejected_jobs,20,0,0,0,0
D-single-user,,heavy_user_mean_wait_s,20,2026.4189583333332,58.678622287740815,1998.9568333702175,2053.881083296449
D-single-user,,heavy_user_p95_wait_s,20,3900.4,106.47826563497163,3850.5672104299842,3950.232789570016
D-single-user,,jain_gpu_seconds,20,1,0,1,1
D-single-user,,jain_mean_wait,20,1,0,1,1
D-single-user,,jobs_completed,20,240,0,240,240
D-single-user,,jobs_never_started,20,0,0,0,0
D-single-user,,makespan_s,20,5513.65,67.57006110619359,5482.026601400688,5545.273398599311
D-single-user,,mean_turnaround_s,20,2206.6606249999995,60.48241334141665,2178.354309539696,2234.9669404603032
D-single-user,,mean_wait_s,20,2026.4189583333332,58.678622287740815,1998.9568333702175,2053.881083296449
D-single-user,,p50_wait_s,20,2020.2,80.36207537075393,1982.5898232425263,2057.810176757474
D-single-user,,p95_turnaround_s,20,4082.7,107.57572608216624,4032.3535890331636,4133.046410966836
D-single-user,,p95_wait_s,20,3900.4,106.47826563497163,3850.5672104299842,3950.232789570016
D-single-user,,quota_block_attempts,20,0,0,0,0
D-single-user,,quota_block_events,20,0,0,0,0
D-single-user,,quota_blocked_jobs,20,0,0,0,0
D-single-user,,quota_blocked_time_s,20,0,0,0,0
D-single-user,,quota_unused_gpu_seconds,20,0,0,0,0
D-single-user,,throughput_per_hour,20,156.72435748089657,1.9202056472026263,155.82568390298306,157.62303105881008
D-single-user,,user.hog.gpu_seconds_received,20,43258,505.6349837996826,43021.358262865506,43494.641737134494
D-single-user,,user.hog.gpu_seconds_share,20,1,0,1,1
D-single-user,,user.hog.jobs_completed,20,240,0,240,240
D-single-user,,user.hog.mean_wait_s,20,2026.4189583333332,58.678622287740815,1998.9568333702175,2053.881083296449
D-single-user,,user.hog.p50_wait_s,20,2020.2,80.36207537075393,1982.5898232425263,2057.810176757474
D-single-user,,user.hog.p95_wait_s,20,3900.4,106.47826563497163,3850.5672104299842,3950.232789570016
D-single-user,1,gpu_utilisation,20,0.125,0,0.125,0.125
D-single-user,1,gpu_utilisation_percent,20,12.5,0,12.5,12.5
D-single-user,1,hard_rejected_jobs,20,0,0,0,0
D-single-user,1,heavy_user_mean_wait_s,20,20957.02666666667,342.4562424036938,20796.754053632703,21117.299279700634
D-single-user,1,heavy_user_p95_wait_s,20,39740.05,591.3374203759153,39463.29874885274,40016.80125114726
D-single-user,1,jain_gpu_seconds,20,1,0,1,1
D-single-user,1,jain_mean_wait,20,1,0,1,1
D-single-user,1,jobs_completed,20,240,0,240,240
D-single-user,1,jobs_never_started,20,0,0,0,0
D-single-user,1,makespan_s,20,43258,505.6349837996826,43021.358262865506,43494.641737134494
D-single-user,1,mean_turnaround_s,20,21137.268333333333,344.3268225669262,20976.120271895958,21298.41639477071
D-single-user,1,mean_wait_s,20,20957.02666666667,342.4562424036938,20796.754053632703,21117.299279700634
D-single-user,1,p50_wait_s,20,20879.55,411.790503072925,20686.82832704457,21072.271672955427
D-single-user,1,p95_turnaround_s,20,39925.45,597.6252544336143,39645.75598574911,40205.14401425089
D-single-user,1,p95_wait_s,20,39740.05,591.3374203759153,39463.29874885274,40016.80125114726
D-single-user,1,paired_delta_vs_unlimited.gpu_utilisation,20,-0.8557181964668572,0.00438135797382514,-0.8577687115521521,-0.8536676813815623
D-single-user,1,paired_delta_vs_unlimited.gpu_utilisation_percent,20,-85.57181964668573,0.4381357973825141,-85.7768711552152,-85.36676813815625
D-single-user,1,paired_delta_vs_unlimited.hard_rejected_jobs,20,0,0,0,0
D-single-user,1,paired_delta_vs_unlimited.heavy_user_mean_wait_s,20,18930.60770833333,291.9980521828404,18793.949983843657,19067.265432823002
D-single-user,1,paired_delta_vs_unlimited.heavy_user_p95_wait_s,20,35839.65,501.48445691398626,35604.95074691768,36074.34925308232
D-single-user,1,paired_delta_vs_unlimited.jain_gpu_seconds,20,0,0,0,0
D-single-user,1,paired_delta_vs_unlimited.jain_mean_wait,20,0,0,0,0
D-single-user,1,paired_delta_vs_unlimited.jobs_completed,20,0,0,0,0
D-single-user,1,paired_delta_vs_unlimited.jobs_never_started,20,0,0,0,0
D-single-user,1,paired_delta_vs_unlimited.makespan_s,20,37744.35,443.38058678390746,37536.843882682326,37951.85611731767
D-single-user,1,paired_delta_vs_unlimited.mean_turnaround_s,20,18930.607708333333,291.9980521828402,18793.94998384366,19067.265432823006
D-single-user,1,paired_delta_vs_unlimited.mean_wait_s,20,18930.60770833333,291.9980521828404,18793.949983843657,19067.265432823002
D-single-user,1,paired_delta_vs_unlimited.p50_wait_s,20,18859.35,347.43167067708964,18696.748841617456,19021.95115838254
D-single-user,1,paired_delta_vs_unlimited.p95_turnaround_s,20,35842.75,506.8360967288818,35605.546131171366,36079.953868828634
D-single-user,1,paired_delta_vs_unlimited.p95_wait_s,20,35839.65,501.48445691398626,35604.95074691768,36074.34925308232
D-single-user,1,paired_delta_vs_unlimited.quota_block_attempts,20,53195.9,584.892783697194,52922.16489699857,53469.635103001434
D-single-user,1,paired_delta_vs_unlimited.quota_block_events,20,239,0,239,239
D-single-user,1,paired_delta_vs_unlimited.quota_blocked_jobs,20,239,0,239,239
D-single-user,1,paired_delta_vs_unlimited.quota_blocked_time_s,20,5029686.4,82189.49817688645,4991220.972871848,5068151.827128152
D-single-user,1,paired_delta_vs_unlimited.quota_unused_gpu_seconds,20,301495.6,3603.8051877951098,299808.9866380733,303182.21336192667
D-single-user,1,paired_delta_vs_unlimited.throughput_per_hour,20,-136.74858926710573,1.7056519448461265,-137.54684977539193,-135.95032875881952
D-single-user,1,paired_delta_vs_unlimited.user.hog.gpu_seconds_received,20,0,0,0,0
D-single-user,1,paired_delta_vs_unlimited.user.hog.gpu_seconds_share,20,0,0,0,0
D-single-user,1,paired_delta_vs_unlimited.user.hog.jobs_completed,20,0,0,0,0
D-single-user,1,paired_delta_vs_unlimited.user.hog.mean_wait_s,20,18930.60770833333,291.9980521828404,18793.949983843657,19067.265432823002
D-single-user,1,paired_delta_vs_unlimited.user.hog.p50_wait_s,20,18859.35,347.43167067708964,18696.748841617456,19021.95115838254
D-single-user,1,paired_delta_vs_unlimited.user.hog.p95_wait_s,20,35839.65,501.48445691398626,35604.95074691768,36074.34925308232
D-single-user,1,quota_block_attempts,20,53195.9,584.892783697194,52922.16489699857,53469.635103001434
D-single-user,1,quota_block_events,20,239,0,239,239
D-single-user,1,quota_blocked_jobs,20,239,0,239,239
D-single-user,1,quota_blocked_time_s,20,5029686.4,82189.49817688645,4991220.972871848,5068151.827128152
D-single-user,1,quota_unused_gpu_seconds,20,301495.6,3603.8051877951098,299808.9866380733,303182.21336192667
D-single-user,1,throughput_per_hour,20,19.975768213790825,0.23271947191870188,19.866853400013458,20.084683027568193
D-single-user,1,user.hog.gpu_seconds_received,20,43258,505.6349837996826,43021.358262865506,43494.641737134494
D-single-user,1,user.hog.gpu_seconds_share,20,1,0,1,1
D-single-user,1,user.hog.jobs_completed,20,240,0,240,240
D-single-user,1,user.hog.mean_wait_s,20,20957.02666666667,342.4562424036938,20796.754053632703,21117.299279700634
D-single-user,1,user.hog.p50_wait_s,20,20879.55,411.790503072925,20686.82832704457,21072.271672955427
D-single-user,1,user.hog.p95_wait_s,20,39740.05,591.3374203759153,39463.29874885274,40016.80125114726
D-single-user,2,gpu_utilisation,20,0.2495009950827291,0.00031413751116150535,0.24935397589156924,0.24964801427388897
D-single-user,2,gpu_utilisation_percent,20,24.950099508272906,0.03141375111615032,24.93539758915692,24.964801427388892
D-single-user,2,hard_rejected_jobs,20,0,0,0,0
D-single-user,2,heavy_user_mean_wait_s,20,10131.751250000003,178.02648184606394,10048.433249328029,10215.069250671977
D-single-user,2,heavy_user_p95_wait_s,20,19262.2,307.0103032730163,19118.51640647417,19405.883593525832
D-single-user,2,jain_gpu_seconds,20,1,0,1,1
D-single-user,2,jain_mean_wait,20,1,0,1,1
D-single-user,2,jobs_completed,20,240,0,240,240
D-single-user,2,jobs_never_started,20,0,0,0,0
D-single-user,2,makespan_s,20,21672.4,264.3861609563994,21548.66488987592,21796.135110124083
D-single-user,2,mean_turnaround_s,20,10311.992916666666,179.9146188578476,10227.79125082766,10396.194582505672
D-single-user,2,mean_wait_s,20,10131.751250000003,178.02648184606394,10048.433249328029,10215.069250671977
D-single-user,2,p50_wait_s,20,10101,215.24502561646247,10000.263384845979,10201.736615154021
D-single-user,2,p95_turnaround_s,20,19437.9,314.8774030434201,19290.534532759877,19585.265467240126
D-single-user,2,p95_wait_s,20,19262.2,307.0103032730163,19118.51640647417,19405.883593525832
D-single-user,2,paired_delta_vs_unlimited.gpu_utilisation,20,-0.7312172013841282,0.004197440473010836,-0.7331816414186916,-0.7292527613495647
D-single-user,2,paired_delta_vs_unlimited.gpu_utilisation_percent,20,-73.12172013841281,0.41974404730108344,-73.31816414186915,-72.92527613495648
D-single-user,2,paired_delta_vs_unlimited.hard_rejected_jobs,20,0,0,0,0
D-single-user,2,paired_delta_vs_unlimited.heavy_user_mean_wait_s,20,8105.332291666666,126.17818827808567,8046.279760454864,8164.384822878467
D-single-user,2,paired_delta_vs_unlimited.heavy_user_p95_wait_s,20,15361.8,212.44580733126173,15262.373444273928,15461.22655572607
D-single-user,2,paired_delta_vs_unlimited.jain_gpu_seconds,20,0,0,0,0
D-single-user,2,paired_delta_vs_unlimited.jain_mean_wait,20,0,0,0,0
D-single-user,2,paired_delta_vs_unlimited.jobs_completed,20,0,0,0,0
D-single-user,2,paired_delta_vs_unlimited.jobs_never_started,20,0,0,0,0
D-single-user,2,paired_delta_vs_unlimited.makespan_s,20,16158.75,201.22830056273997,16064.573338709779,16252.926661290221
D-single-user,2,paired_delta_vs_unlimited.mean_turnaround_s,20,8105.332291666666,126.17818827808544,8046.279760454864,8164.384822878467
D-single-user,2,paired_delta_vs_unlimited.mean_wait_s,20,8105.332291666666,126.17818827808567,8046.279760454864,8164.384822878467
D-single-user,2,paired_delta_vs_unlimited.p50_wait_s,20,8080.8,149.05053893862558,8011.0430021945585,8150.556997805442
D-single-user,2,paired_delta_vs_unlimited.p95_turnaround_s,20,15355.2,218.58025143134378,15252.902469055227,15457.497530944775
D-single-user,2,paired_delta_vs_unlimited.p95_wait_s,20,15361.8,212.44580733126173,15262.373444273928,15461.22655572607
D-single-user,2,paired_delta_vs_unlimited.quota_block_attempts,20,51131.2,532.9951713023102,50881.75344811496,51380.64655188503
D-single-user,2,paired_delta_vs_unlimited.quota_block_events,20,238,0,238,238
D-single-user,2,paired_delta_vs_unlimited.quota_blocked_jobs,20,238,0,238,238
D-single-user,2,paired_delta_vs_unlimited.quota_blocked_time_s,20,2431620.3,42726.355643055285,2411623.979838726,2451616.6201612735
D-single-user,2,paired_delta_vs_unlimited.quota_unused_gpu_seconds,20,128878.5,1636.5121930174357,128112.59751974193,129644.40248025807
D-single-user,2,paired_delta_vs_unlimited.throughput_per_hour,20,-116.85236456205334,1.467062959514731,-117.53896327129688,-116.1657658528098
D-single-user,2,paired_delta_vs_unlimited.user.hog.gpu_seconds_received,20,0,0,0,0
D-single-user,2,paired_delta_vs_unlimited.user.hog.gpu_seconds_share,20,0,0,0,0
D-single-user,2,paired_delta_vs_unlimited.user.hog.jobs_completed,20,0,0,0,0
D-single-user,2,paired_delta_vs_unlimited.user.hog.mean_wait_s,20,8105.332291666666,126.17818827808567,8046.279760454864,8164.384822878467
D-single-user,2,paired_delta_vs_unlimited.user.hog.p50_wait_s,20,8080.8,149.05053893862558,8011.0430021945585,8150.556997805442
D-single-user,2,paired_delta_vs_unlimited.user.hog.p95_wait_s,20,15361.8,212.44580733126173,15262.373444273928,15461.22655572607
D-single-user,2,quota_block_attempts,20,51131.2,532.9951713023102,50881.75344811496,51380.64655188503
D-single-user,2,quota_block_events,20,238,0,238,238
D-single-user,2,quota_blocked_jobs,20,238,0,238,238
D-single-user,2,quota_blocked_time_s,20,2431620.3,42726.355643055285,2411623.979838726,2451616.6201612735
D-single-user,2,quota_unused_gpu_seconds,20,128878.5,1636.5121930174357,128112.59751974193,129644.40248025807
D-single-user,2,throughput_per_hour,20,39.87199291884322,0.4848836063406886,39.64506301369655,40.09892282398989
D-single-user,2,user.hog.gpu_seconds_received,20,43258,505.6349837996826,43021.358262865506,43494.641737134494
D-single-user,2,user.hog.gpu_seconds_share,20,1,0,1,1
D-single-user,2,user.hog.jobs_completed,20,240,0,240,240
D-single-user,2,user.hog.mean_wait_s,20,10131.751250000003,178.02648184606394,10048.433249328029,10215.069250671977
D-single-user,2,user.hog.p50_wait_s,20,10101,215.24502561646247,10000.263384845979,10201.736615154021
D-single-user,2,user.hog.p95_wait_s,20,19262.2,307.0103032730163,19118.51640647417,19405.883593525832
D-single-user,4,gpu_utilisation,20,0.4965245683381062,0.001386147413531752,0.49587583883486325,0.49717329784134917
D-single-user,4,gpu_utilisation_percent,20,49.652456833810625,0.13861474135317509,49.587583883486325,49.717329784134925
D-single-user,4,hard_rejected_jobs,20,0,0,0,0
D-single-user,4,heavy_user_mean_wait_s,20,4722.9331250000005,96.7285925123522,4677.663270468404,4768.202979531597
D-single-user,4,heavy_user_p95_wait_s,20,9017.95,180.55104978633432,8933.450478740962,9102.44952125904
D-single-user,4,jain_gpu_seconds,20,1,0,1,1
D-single-user,4,jain_mean_wait,20,1,0,1,1
D-single-user,4,jobs_completed,20,240,0,240,240
D-single-user,4,jobs_never_started,20,0,0,0,0
D-single-user,4,makespan_s,20,10890.3,132.82283411807586,10828.137714549275,10952.462285450723
D-single-user,4,mean_turnaround_s,20,4903.174791666667,98.61738085174494,4857.020967140838,4949.328616192496
D-single-user,4,mean_wait_s,20,4722.9331250000005,96.7285925123522,4677.663270468404,4768.202979531597
D-single-user,4,p50_wait_s,20,4702.85,125.96920049632851,4643.895276956738,4761.804723043263
D-single-user,4,p95_turnaround_s,20,9191.8,183.1572807007251,9106.08073914478,9277.519260855219
D-single-user,4,p95_wait_s,20,9017.95,180.55104978633432,8933.450478740962,9102.44952125904
D-single-user,4,paired_delta_vs_unlimited.gpu_utilisation,20,-0.48419362812875094,0.00378101758700268,-0.48596317849332554,-0.48242407776417634
D-single-user,4,paired_delta_vs_unlimited.gpu_utilisation_percent,20,-48.41936281287509,0.3781017587002676,-48.59631784933255,-48.242407776417636
D-single-user,4,paired_delta_vs_unlimited.hard_rejected_jobs,20,0,0,0,0
D-single-user,4,paired_delta_vs_unlimited.heavy_user_mean_wait_s,20,2696.514166666667,42.35716705011898,2676.690630099808,2716.3377032335256
D-single-user,4,paired_delta_vs_unlimited.heavy_user_p95_wait_s,20,5117.55,86.58277147209758,5077.028481308577,5158.071518691423
D-single-user,4,paired_delta_vs_unlimited.jain_gpu_seconds,20,0,0,0,0
D-single-user,4,paired_delta_vs_unlimited.jain_mean_wait,20,0,0,0,0
D-single-user,4,paired_delta_vs_unlimited.jobs_completed,20,0,0,0,0
D-single-user,4,paired_delta_vs_unlimited.jobs_never_started,20,0,0,0,0
D-single-user,4,paired_delta_vs_unlimited.makespan_s,20,5376.65,71.29794785560838,5343.281916747754,5410.018083252246
D-single-user,4,paired_delta_vs_unlimited.mean_turnaround_s,20,2696.514166666667,42.35716705011913,2676.6906300998075,2716.337703233526
D-single-user,4,paired_delta_vs_unlimited.mean_wait_s,20,2696.514166666667,42.35716705011898,2676.690630099808,2716.3377032335256
D-single-user,4,paired_delta_vs_unlimited.p50_wait_s,20,2682.65,59.326283338304975,2654.8847638183365,2710.4152361816637
D-single-user,4,paired_delta_vs_unlimited.p95_turnaround_s,20,5109.1,86.34685256202695,5068.688893488294,5149.511106511707
D-single-user,4,paired_delta_vs_unlimited.p95_wait_s,20,5117.55,86.58277147209758,5077.028481308577,5158.071518691423
D-single-user,4,paired_delta_vs_unlimited.quota_block_attempts,20,47226.75,677.0015062565845,46909.90718331171,47543.59281668829
D-single-user,4,paired_delta_vs_unlimited.quota_block_events,20,236,0,236,236
D-single-user,4,paired_delta_vs_unlimited.quota_blocked_jobs,20,236,0,236,236
D-single-user,4,paired_delta_vs_unlimited.quota_blocked_time_s,20,1133503.95,23214.862202964538,1122639.1849124169,1144368.715087583
D-single-user,4,paired_delta_vs_unlimited.quota_unused_gpu_seconds,20,42742.6,571.2453984612548,42475.25199649336,43009.94800350664
D-single-user,4,paired_delta_vs_unlimited.throughput_per_hour,20,-77.37650640517005,1.0401604348567024,-77.86331087892968,-76.88970193141041
D-single-user,4,paired_delta_vs_unlimited.user.hog.gpu_seconds_received,20,0,0,0,0
D-single-user,4,paired_delta_vs_unlimited.user.hog.gpu_seconds_share,20,0,0,0,0
D-single-user,4,paired_delta_vs_unlimited.user.hog.jobs_completed,20,0,0,0,0
D-single-user,4,paired_delta_vs_unlimited.user.hog.mean_wait_s,20,2696.514166666667,42.35716705011898,2676.690630099808,2716.3377032335256
D-single-user,4,paired_delta_vs_unlimited.user.hog.p50_wait_s,20,2682.65,59.326283338304975,2654.8847638183365,2710.4152361816637
D-single-user,4,paired_delta_vs_unlimited.user.hog.p95_wait_s,20,5117.55,86.58277147209758,5077.028481308577,5158.071518691423
D-single-user,4,quota_block_attempts,20,47226.75,677.0015062565845,46909.90718331171,47543.59281668829
D-single-user,4,quota_block_events,20,236,0,236,236
D-single-user,4,quota_blocked_jobs,20,236,0,236,236
D-single-user,4,quota_blocked_time_s,20,1133503.95,23214.862202964538,1122639.1849124169,1144368.715087583
D-single-user,4,quota_unused_gpu_seconds,20,42742.6,571.2453984612548,42475.25199649336,43009.94800350664
D-single-user,4,throughput_per_hour,20,79.34785107572648,0.9661282205168499,78.89569434661784,79.80000780483512
D-single-user,4,user.hog.gpu_seconds_received,20,43258,505.6349837996826,43021.358262865506,43494.641737134494
D-single-user,4,user.hog.gpu_seconds_share,20,1,0,1,1
D-single-user,4,user.hog.jobs_completed,20,240,0,240,240
D-single-user,4,user.hog.mean_wait_s,20,4722.9331250000005,96.7285925123522,4677.663270468404,4768.202979531597
D-single-user,4,user.hog.p50_wait_s,20,4702.85,125.96920049632851,4643.895276956738,4761.804723043263
D-single-user,4,user.hog.p95_wait_s,20,9017.95,180.55104978633432,8933.450478740962,9102.44952125904
